{"stats":{"minecraft:used":{"minecraft:wooden_axe":37,"minecraft:stone_sword":34,"minecraft:stone_pickaxe":31,"minecraft:wooden_pickaxe":59,"alexsmobs:flying_fish_boots":1,"minecraft:dirt":12,"minecraft:cobblestone":5,"minecraft:crafting_table":2,"tombstone:gift":2,"minecraft:furnace":1,"minecraft:cooked_cod":4},"minecraft:custom":{"minecraft:time_since_rest":13926,"enigmaticlegacy:play_time_with_seven_curses":0,"minecraft:interact_with_furnace":12,"minecraft:sprint_one_cm":30223,"minecraft:damage_taken":1995,"minecraft:walk_one_cm":86175,"minecraft:mob_kills":23,"minecraft:drop":12,"minecraft:damage_dealt":2140,"enigmaticlegacy:play_time_without_seven_curses":40187,"minecraft:interact_with_crafting_table":13,"minecraft:swim_one_cm":31973,"minecraft:fly_one_cm":94646,"minecraft:play_time":40426,"minecraft:crouch_one_cm":1138,"minecraft:sneak_time":1406,"tombstone:undead_killed":4,"minecraft:deaths":7,"minecraft:walk_under_water_one_cm":16337,"minecraft:leave_game":5,"minecraft:jump":317,"minecraft:time_since_death":14201,"minecraft:walk_on_water_one_cm":23741,"minecraft:total_world_time":40426,"minecraft:fall_one_cm":7989},"minecraft:killed":{"minecraft:skeleton":1,"minecraft:zombie":2,"minecraft:spider":2,"minecraft:drowned":1,"minecraft:cod":7,"alexsmobs:tasmanian_devil":2,"alexsmobs:seagull":1,"alexsmobs:flying_fish":6,"minecraft:creeper":1},"minecraft:killed_by":{"alexsmobs:tasmanian_devil":2,"minecraft:skeleton":2,"minecraft:zombie":1},"minecraft:picked_up":{"minecraft:wooden_axe":1,"minecraft:birch_log":11,"minecraft:raw_iron":4,"minecraft:oak_log":13,"tombstone:grave_dust":1,"minecraft:gunpowder":1,"improvableskills:scroll_creative":1,"skilltree:gem":7,"minecraft:string":4,"minecraft:arrow":1,"minecraft:kelp":2,"improvableskills:skills_book":2,"minecraft:bone_meal":1,"minecraft:cod":7,"minecraft:coal":17,"alexsmobs:flying_fish":5,"minecraft:cobblestone":66},"minecraft:broken":{"minecraft:wooden_pickaxe":1},"minecraft:dropped":{"minecraft:cooked_cod":3,"alexsmobs:flying_fish":1,"skilltree:gem":4,"minecraft:string":2,"enigmaticlegacy:enigmatic_amulet":1,"enigmaticlegacy:cursed_ring":1},"minecraft:crafted":{"minecraft:cooked_cod":7,"minecraft:oak_planks":56,"minecraft:crafting_table":2,"minecraft:stick":12,"minecraft:wooden_pickaxe":1,"minecraft:iron_ingot":4,"minecraft:stone_pickaxe":1,"minecraft:wooden_axe":1,"minecraft:stone_sword":1,"minecraft:furnace":1,"alexsmobs:flying_fish_boots":1,"minecraft:stone_axe":1},"minecraft:mined":{"minecraft:kelp_plant":1,"minecraft:birch_log":9,"minecraft:iron_ore":4,"minecraft:birch_leaves":2,"minecraft:coal_ore":17,"minecraft:oak_log":10,"minecraft:dirt":4,"minecraft:cobblestone":2,"minecraft:stone":66}},"DataVersion":3465}