{"stats":{"minecraft:dropped":{"minecraft:wheat_seeds":1,"minecraft:tuff":67,"minecraft:raw_iron":193,"minecraft:iron_boots":1,"minecraft:oak_planks":7,"minecraft:granite":8,"improvableskills:skills_book":1,"enigmaticlegacy:cursed_ring":1,"minecraft:blue_dye":1,"minecraft:iron_leggings":1,"enigmaticlegacy:enigmatic_amulet":1},"minecraft:custom":{"enigmaticlegacy:play_time_with_seven_curses":0,"enigmaticlegacy:play_time_without_seven_curses":29538,"minecraft:interact_with_crafting_table":4,"minecraft:leave_game":2,"minecraft:time_since_death":29538,"minecraft:time_since_rest":29538,"minecraft:sprint_one_cm":30533,"minecraft:walk_one_cm":48891,"minecraft:damage_taken":275,"minecraft:drop":15,"minecraft:damage_dealt":0,"minecraft:swim_one_cm":2023,"minecraft:fly_one_cm":19880,"minecraft:open_chest":2,"minecraft:crouch_one_cm":479,"minecraft:play_time":29538,"minecraft:sneak_time":405,"minecraft:walk_under_water_one_cm":2147,"minecraft:jump":230,"minecraft:walk_on_water_one_cm":1562,"minecraft:total_world_time":29538,"minecraft:fall_one_cm":5870},"minecraft:broken":{"minecraft:stone_pickaxe":6,"minecraft:wooden_pickaxe":1},"minecraft:mined":{"minecraft:tuff":162,"minecraft:dandelion":3,"minecraft:crafting_table":2,"minecraft:cornflower":1,"minecraft:granite":8,"minecraft:grass_block":12,"minecraft:poppy":1,"minecraft:oxeye_daisy":1,"minecraft:raw_iron_block":2,"minecraft:azure_bluet":1,"minecraft:grass":4,"minecraft:oak_log":6,"minecraft:coal_ore":20,"minecraft:deepslate_iron_ore":175,"minecraft:dirt":58,"minecraft:stone":126,"minecraft:oak_leaves":1,"minecraft:deepslate":298},"minecraft:used":{"minecraft:stone_pickaxe":786,"minecraft:wooden_pickaxe":59,"minecraft:dirt":8,"minecraft:crafting_table":3,"easy_villagers:villager":3,"minecraft:apple":2,"minecraft:cobbled_deepslate":1},"minecraft:crafted":{"minecraft:red_dye":1,"minecraft:oak_planks":24,"minecraft:raw_iron":18,"sophisticatedbackpacks:backpack":3,"minecraft:crafting_table":2,"minecraft:wooden_pickaxe":1,"minecraft:blue_dye":1,"minecraft:yellow_dye":3,"minecraft:stick":12,"minecraft:stone_pickaxe":6,"minecraft:light_gray_dye":1},"minecraft:picked_up":{"minecraft:iron_chestplate":1,"minecraft:crafting_table":2,"minecraft:wheat":2,"minecraft:tuff":67,"minecraft:oak_log":6,"improvableskills:scroll_creative":1,"minecraft:cornflower":1,"skilltree:gem":39,"minecraft:dirt":69,"minecraft:iron_leggings":2,"minecraft:armor_stand":2,"minecraft:apple":2,"minecraft:bow":1,"minecraft:wheat_seeds":3,"minecraft:cobbled_deepslate":298,"minecraft:poppy":1,"minecraft:iron_pickaxe":1,"minecraft:iron_boots":2,"minecraft:stick":2,"minecraft:raw_iron":175,"minecraft:dandelion":3,"minecraft:raw_iron_block":2,"sophisticatedbackpacks:backpack":1,"improvableskills:skills_book":1,"minecraft:iron_helmet":1,"minecraft:granite":8,"minecraft:oak_sapling":2,"minecraft:coal":20,"minecraft:cobblestone":126,"minecraft:oxeye_daisy":1}},"DataVersion":3465}