{"stats":{"minecraft:broken":{"minecraft:wooden_pickaxe":1},"minecraft:killed_by":{"alexsmobs:tasmanian_devil":2,"minecraft:skeleton":2,"minecraft:zombie":1},"minecraft:dropped":{"alexsmobs:flying_fish":1,"enigmaticlegacy:enigmatic_amulet":1,"enigmaticlegacy:cursed_ring":1},"minecraft:custom":{"minecraft:time_since_rest":7898,"enigmaticlegacy:play_time_with_seven_curses":0,"minecraft:sprint_one_cm":29164,"minecraft:damage_taken":1605,"minecraft:walk_one_cm":71120,"minecraft:mob_kills":21,"minecraft:drop":3,"minecraft:damage_dealt":1945,"enigmaticlegacy:play_time_without_seven_curses":25687,"minecraft:swim_one_cm":28031,"minecraft:interact_with_crafting_table":9,"minecraft:fly_one_cm":76224,"minecraft:crouch_one_cm":571,"minecraft:play_time":25896,"tombstone:undead_killed":4,"minecraft:deaths":6,"minecraft:sneak_time":398,"minecraft:walk_under_water_one_cm":8790,"minecraft:jump":235,"minecraft:walk_on_water_one_cm":17761,"minecraft:leave_game":3,"minecraft:time_since_death":8018,"minecraft:total_world_time":25896,"minecraft:fall_one_cm":4889},"minecraft:mined":{"minecraft:kelp_plant":1,"minecraft:birch_log":9,"minecraft:birch_leaves":2,"minecraft:coal_ore":7,"minecraft:oak_log":10,"minecraft:stone":66},"minecraft:picked_up":{"minecraft:wooden_axe":1,"minecraft:birch_log":11,"minecraft:oak_log":13,"tombstone:grave_dust":1,"minecraft:gunpowder":1,"improvableskills:scroll_creative":1,"skilltree:gem":1,"minecraft:string":4,"minecraft:arrow":1,"minecraft:kelp":2,"improvableskills:skills_book":2,"minecraft:bone_meal":1,"minecraft:cod":7,"minecraft:coal":7,"alexsmobs:flying_fish":4,"minecraft:cobblestone":66},"minecraft:killed":{"minecraft:skeleton":1,"minecraft:zombie":2,"minecraft:drowned":1,"minecraft:spider":2,"minecraft:cod":7,"alexsmobs:tasmanian_devil":2,"alexsmobs:seagull":1,"alexsmobs:flying_fish":4,"minecraft:creeper":1},"minecraft:used":{"minecraft:wooden_axe":37,"minecraft:stone_sword":28,"minecraft:stone_pickaxe":14,"alexsmobs:flying_fish_boots":1,"minecraft:wooden_pickaxe":59,"minecraft:dirt":12,"minecraft:cobblestone":5,"minecraft:crafting_table":2,"tombstone:gift":2},"minecraft:crafted":{"minecraft:oak_planks":56,"minecraft:crafting_table":2,"minecraft:stick":12,"minecraft:wooden_pickaxe":1,"minecraft:stone_pickaxe":1,"minecraft:wooden_axe":1,"minecraft:stone_sword":1,"alexsmobs:flying_fish_boots":1,"minecraft:stone_axe":1}},"DataVersion":3465}