{"stats":{"minecraft:dropped":{"minecraft:blue_dye":1,"improvableskills:skills_book":1,"enigmaticlegacy:enigmatic_amulet":1,"enigmaticlegacy:cursed_ring":1},"minecraft:custom":{"minecraft:time_since_rest":16739,"enigmaticlegacy:play_time_with_seven_curses":0,"minecraft:sprint_one_cm":17514,"minecraft:damage_taken":230,"minecraft:walk_one_cm":11144,"minecraft:drop":4,"minecraft:swim_one_cm":2023,"enigmaticlegacy:play_time_without_seven_curses":16739,"minecraft:fly_one_cm":10620,"minecraft:interact_with_crafting_table":4,"minecraft:play_time":16739,"minecraft:walk_under_water_one_cm":2147,"minecraft:jump":112,"minecraft:walk_on_water_one_cm":964,"minecraft:time_since_death":16739,"minecraft:total_world_time":16739,"minecraft:fall_one_cm":4931},"minecraft:broken":{"minecraft:stone_pickaxe":5,"minecraft:wooden_pickaxe":1},"minecraft:mined":{"minecraft:tuff":154,"minecraft:raw_iron_block":2,"minecraft:dandelion":3,"minecraft:crafting_table":2,"minecraft:cornflower":1,"minecraft:azure_bluet":1,"minecraft:granite":8,"minecraft:grass":4,"minecraft:coal_ore":20,"minecraft:grass_block":11,"minecraft:oak_log":6,"minecraft:poppy":1,"minecraft:deepslate_iron_ore":113,"minecraft:dirt":58,"minecraft:stone":126,"minecraft:deepslate":237,"minecraft:oxeye_daisy":1,"minecraft:oak_leaves":1},"minecraft:used":{"minecraft:apple":2,"minecraft:stone_pickaxe":655,"minecraft:wooden_pickaxe":59,"minecraft:dirt":8,"minecraft:crafting_table":3},"minecraft:crafted":{"minecraft:blue_dye":1,"minecraft:red_dye":1,"minecraft:oak_planks":24,"minecraft:raw_iron":18,"sophisticatedbackpacks:backpack":3,"minecraft:yellow_dye":3,"minecraft:crafting_table":2,"minecraft:stick":12,"minecraft:wooden_pickaxe":1,"minecraft:stone_pickaxe":6,"minecraft:light_gray_dye":1},"minecraft:picked_up":{"minecraft:raw_iron":113,"minecraft:crafting_table":2,"minecraft:stick":2,"minecraft:dandelion":3,"minecraft:raw_iron_block":2,"sophisticatedbackpacks:backpack":1,"minecraft:tuff":59,"minecraft:oak_log":6,"skilltree:gem":26,"improvableskills:scroll_creative":1,"minecraft:cornflower":1,"minecraft:dirt":69,"minecraft:apple":2,"improvableskills:skills_book":1,"minecraft:wheat_seeds":1,"minecraft:cobbled_deepslate":237,"minecraft:granite":8,"minecraft:poppy":1,"minecraft:oak_sapling":2,"minecraft:coal":20,"minecraft:cobblestone":126,"minecraft:oxeye_daisy":1}},"DataVersion":3465}