{"stats":{"minecraft:custom":{"minecraft:jump":15,"minecraft:time_since_rest":2668,"enigmaticlegacy:play_time_with_seven_curses":0,"minecraft:damage_taken":10,"minecraft:leave_game":2,"minecraft:time_since_death":2668,"minecraft:play_time":2668,"minecraft:sprint_one_cm":3468,"minecraft:walk_one_cm":3733,"enigmaticlegacy:play_time_without_seven_curses":2668,"minecraft:total_world_time":2668,"minecraft:fall_one_cm":335,"minecraft:drop":3,"minecraft:fly_one_cm":286},"minecraft:dropped":{"enigmaticlegacy:enigmatic_amulet":1,"improvableskills:skills_book":1,"enigmaticlegacy:cursed_ring":1},"minecraft:picked_up":{"sophisticatedbackpacks:copper_backpack":1,"improvableskills:scroll_creative":1,"improvableskills:skills_book":1},"minecraft:mined":{"minecraft:dark_oak_log":27}},"DataVersion":3465}