{"stats":{"minecraft:dropped":{"sophisticatedbackpacks:upgrade_base":1,"minecraft:iron_sword":3,"minecraft:birch_planks":7,"minecraft:golden_pickaxe":1,"minecraft:diamond":16,"minecraft:leather":1,"alexsmobs:bison_fur":4,"minecraft:flint":11,"sophisticatedbackpacks:gold_backpack":1,"minecraft:emerald":40,"minecraft:cracked_polished_blackstone_bricks":2,"minecraft:dirt":336,"minecraft:crimson_roots":1,"alexsmobs:flying_fish":1,"minecraft:cooked_cod":3,"minecraft:bone_block":23,"minecraft:bone_meal":1,"minecraft:sunflower":1,"minecraft:sand":8,"minecraft:iron_pickaxe":8,"alexsmobs:raccoon_tail":1,"minecraft:white_wool":3,"minecraft:bone":21,"minecraft:gravel":107,"alexsmobs:centipede_leg":2,"minecraft:stone_axe":3,"minecraft:blackstone":37,"minecraft:ancient_debris":1,"alexsmobs:animal_dictionary":1,"minecraft:cobbled_deepslate":1164,"cyclic:flower_absalon_tulip":5,"minecraft:obsidian":9,"tombstone:gift":2,"minecraft:rotten_flesh":57,"minecraft:oak_planks":2,"enigmaticlegacy:tattered_tome":3,"minecraft:lime_dye":8,"minecraft:cooked_mutton":1,"minecraft:azure_bluet":3,"minecraft:poppy":5,"minecraft:gunpowder":10,"minecraft:melon_seeds":19,"minecraft:beetroot_seeds":4,"minecraft:birch_door":2,"minecraft:chainmail_boots":2,"improvableskills:scroll_normal":1,"minecraft:arrow":9,"minecraft:quartz":84,"enigmaticlegacy:enigmatic_amulet":1,"minecraft:netherrack":1674,"minecraft:egg":6,"minecraft:crimson_planks":11,"minecraft:enchanted_book":6,"minecraft:iron_ingot":89,"minecraft:bread":2,"minecraft:wheat_seeds":41,"minecraft:golden_helmet":1,"minecraft:lilac":1,"minecraft:deepslate_diamond_ore":55,"minecraft:diamond_leggings":2,"minecraft:iron_helmet":1,"cyclic:flower_cyan":2,"minecraft:golden_axe":1,"minecraft:feather":2,"minecraft:cobblestone":1841,"minecraft:apple":1,"minecraft:granite":37,"minecraft:grass_block":1,"minecraft:stick":5,"minecraft:diorite":63,"tombstone:magic_scroll":6,"skilltree:gem":94,"minecraft:brown_wool":1,"minecraft:diamond_helmet":2,"tombstone:grave_dust":10,"minecraft:iron_leggings":3,"minecraft:dried_kelp":16,"minecraft:iron_axe":3,"minecraft:iron_shovel":1,"minecraft:chainmail_leggings":2,"minecraft:string":8,"minecraft:lapis_block":1,"minecraft:spruce_sapling":6,"minecraft:dandelion":2,"alexsmobs:maggot":2,"minecraft:sweet_berries":11,"minecraft:netherite_ingot":2,"minecraft:stone_sword":3,"minecraft:blaze_rod":3,"minecraft:cocoa_beans":1,"minecraft:deepslate":103,"minecraft:tuff":2,"minecraft:light_gray_wool":2,"minecraft:iron_boots":1,"sophisticatedbackpacks:backpack":1,"improvableskills:skills_book":1,"alexsmobs:bear_fur":1,"minecraft:pumpkin_seeds":3,"enigmaticlegacy:cursed_ring":1,"minecraft:cobblestone_slab":108,"minecraft:stone":58,"minecraft:shield":1,"minecraft:diamond_chestplate":3,"minecraft:bundle":2,"minecraft:iron_chestplate":1,"minecraft:andesite":307,"minecraft:oak_sapling":24,"easy_villagers:villager":5,"minecraft:spider_eye":6,"tombstone:essence_of_undeath":1,"minecraft:diamond_boots":2,"minecraft:stone_pickaxe":6,"minecraft:wooden_pickaxe":1},"minecraft:crafted":{"minecraft:smooth_stone":4,"minecraft:oak_planks":276,"minecraft:cobblestone_slab":54,"minecraft:birch_boat":1,"minecraft:cooked_chicken":4,"minecraft:stone":60,"sophisticatedbackpacks:crafting_upgrade":1,"minecraft:cooked_mutton":18,"minecraft:diamond_helmet":2,"minecraft:bow":2,"minecraft:diamond_leggings":2,"minecraft:iron_boots":1,"minecraft:chest":8,"minecraft:birch_door":3,"minecraft:wooden_shovel":1,"minecraft:emerald":75,"minecraft:cooked_porkchop":13,"minecraft:diamond_axe":1,"minecraft:crafting_table":10,"minecraft:spruce_planks":44,"minecraft:iron_helmet":1,"minecraft:wooden_pickaxe":1,"skilltree:gem":1,"minecraft:gold_block":2,"minecraft:birch_planks":76,"sophisticatedbackpacks:upgrade_base":3,"minecraft:iron_chestplate":1,"minecraft:diamond_pickaxe":1,"minecraft:shield":1,"minecraft:stick":104,"minecraft:iron_ingot":76,"minecraft:iron_pickaxe":4,"minecraft:stone_sword":1,"minecraft:gold_ingot":32,"minecraft:wooden_sword":1,"minecraft:coal":2,"ironfurnaces:gold_furnace":2,"sophisticatedbackpacks:tool_swapper_upgrade":1,"minecraft:furnace":3,"minecraft:flint_and_steel":1,"minecraft:iron_axe":1,"minecraft:lime_dye":4,"minecraft:stone_pickaxe":12,"minecraft:diamond_boots":2,"minecraft:netherite_scrap":25,"alexsmobs:flying_fish_boots":1,"sophisticatedbackpacks:iron_backpack":1,"minecraft:cooked_beef":6,"minecraft:cooked_cod":7,"minecraft:crimson_planks":40,"minecraft:dried_kelp":60,"minecraft:iron_sword":1,"sophisticatedbackpacks:gold_backpack":1,"minecraft:stone_axe":1,"minecraft:bread":156,"minecraft:air":0,"minecraft:wooden_axe":2,"minecraft:iron_leggings":1,"minecraft:white_bed":1,"minecraft:torch":40,"minecraft:lapis_block":1,"minecraft:diamond_chestplate":2},"minecraft:killed_by":{"minecraft:creeper":1,"alexsmobs:tasmanian_devil":2,"minecraft:zombie":1,"alexsmobs:grizzly_bear":2,"minecraft:spider":1,"minecraft:skeleton":2},"minecraft:mined":{"minecraft:granite":127,"minecraft:grass_block":537,"minecraft:cracked_polished_blackstone_bricks":2,"minecraft:soul_soil":1,"minecraft:polished_blackstone_bricks":10,"minecraft:tall_seagrass":5,"minecraft:iron_ore":52,"minecraft:cobbled_deepslate":3,"minecraft:fire":2,"minecraft:deepslate_redstone_ore":8,"cyclic:flower_lime_carnation":2,"minecraft:blackstone":37,"minecraft:kelp_plant":26,"ironfurnaces:iron_furnace":1,"minecraft:torch":3,"minecraft:poppy":1,"minecraft:chest":1,"minecraft:nether_quartz_ore":205,"minecraft:cobblestone":8,"minecraft:oak_planks":16,"minecraft:sugar_cane":3,"minecraft:wall_torch":1,"minecraft:seagrass":7,"minecraft:birch_log":15,"minecraft:grass":140,"minecraft:oak_log":94,"minecraft:dirt":278,"minecraft:ancient_debris":22,"minecraft:netherrack":1636,"minecraft:oak_leaves":48,"minecraft:deepslate":1093,"minecraft:nether_gold_ore":34,"minecraft:tuff":2,"minecraft:deepslate_diamond_ore":116,"minecraft:crimson_roots":2,"minecraft:spruce_leaves":3,"minecraft:kelp":2,"minecraft:crimson_stem":8,"minecraft:large_fern":5,"minecraft:furnace":1,"minecraft:andesite":335,"minecraft:gold_block":3,"minecraft:deepslate_iron_ore":25,"minecraft:stone":2819,"minecraft:bone_block":22,"cyclic:flower_absalon_tulip":2,"minecraft:crafting_table":1,"minecraft:tall_grass":18,"minecraft:deepslate_coal_ore":5,"minecraft:deepslate_gold_ore":12,"minecraft:diorite":78,"minecraft:birch_planks":5,"minecraft:sweet_berry_bush":1,"minecraft:spruce_log":11,"minecraft:birch_leaves":2,"minecraft:coal_ore":398,"minecraft:gravel":14,"minecraft:sunflower":1,"minecraft:gold_ore":16,"minecraft:fern":4},"minecraft:custom":{"enigmaticlegacy:play_time_with_seven_curses":0,"minecraft:interact_with_crafting_table":81,"minecraft:open_barrel":5,"goblintraders:trade_with_goblin":68,"minecraft:leave_game":20,"minecraft:time_since_death":108561,"minecraft:sprint_one_cm":834242,"minecraft:damage_blocked_by_shield":250,"minecraft:drop":535,"minecraft:talked_to_villager":14,"minecraft:play_time":475970,"minecraft:deaths":14,"minecraft:jump":5943,"minecraft:walk_on_water_one_cm":55706,"minecraft:interact_with_furnace":93,"minecraft:traded_with_villager":47,"minecraft:sleep_in_bed":2,"minecraft:damage_dealt":38371,"minecraft:player_kills":1,"minecraft:crouch_one_cm":12298,"tombstone:undead_killed":102,"minecraft:interact_with_anvil":1,"minecraft:mob_kills":210,"minecraft:damage_dealt_resisted":204,"minecraft:climb_one_cm":1351,"minecraft:walk_one_cm":1022382,"minecraft:damage_dealt_absorbed":160,"minecraft:sneak_time":10703,"minecraft:walk_under_water_one_cm":41870,"minecraft:total_world_time":475970,"enigmaticlegacy:play_time_without_seven_curses":475404,"minecraft:time_since_rest":108167,"minecraft:damage_taken":12479,"minecraft:swim_one_cm":39123,"minecraft:fly_one_cm":1026008,"minecraft:open_chest":72,"minecraft:fall_one_cm":162202},"minecraft:used":{"minecraft:iron_shovel":741,"minecraft:chest":9,"minecraft:shield":9,"minecraft:iron_sword":186,"minecraft:iron_chestplate":1,"minecraft:tuff":3,"minecraft:iron_helmet":1,"minecraft:item_frame":1,"minecraft:deepslate_diamond_ore":3,"minecraft:bow":15,"minecraft:sweet_berries":8,"minecraft:furnace":4,"minecraft:cooked_cod":4,"minecraft:oak_planks":180,"minecraft:stone_pickaxe":1746,"alexsmobs:flying_fish_boots":1,"minecraft:ender_pearl":1,"minecraft:wooden_pickaxe":118,"minecraft:diamond_axe":428,"easy_villagers:villager":3,"minecraft:bread":136,"minecraft:deepslate":1,"minecraft:golden_pickaxe":32,"ironfurnaces:gold_furnace":4,"minecraft:stone_sword":40,"minecraft:flint_and_steel":1,"minecraft:dried_kelp":44,"minecraft:cooked_chicken":4,"minecraft:netherrack":60,"minecraft:torch":28,"minecraft:dirt":451,"minecraft:birch_door":1,"minecraft:wooden_axe":37,"minecraft:iron_axe":141,"minecraft:iron_boots":1,"minecraft:crimson_planks":7,"minecraft:soul_soil":1,"tombstone:gift":2,"minecraft:cooked_beef":6,"minecraft:cobbled_deepslate":77,"minecraft:iron_leggings":1,"minecraft:cooked_mutton":10,"minecraft:iron_ore":1,"tombstone:scroll_of_knowledge":3,"minecraft:birch_planks":58,"minecraft:birch_boat":1,"minecraft:green_bed":1,"minecraft:polished_blackstone_bricks":10,"minecraft:crafting_table":10,"minecraft:white_bed":1,"tombstone:bag_of_seeds":2,"minecraft:oak_log":44,"minecraft:diamond_pickaxe":1407,"minecraft:iron_pickaxe":3837,"minecraft:stone_axe":1,"minecraft:cobblestone":147,"minecraft:cooked_porkchop":11,"alexsmobs:animal_dictionary":3},"minecraft:killed":{"minecraft:zombified_piglin":8,"minecraft:spider":18,"minecraft:cod":7,"minecraft:skeleton":41,"minecraft:chicken":4,"alexsmobs:centipede_head":1,"minecraft:piglin":10,"minecraft:pig":5,"alexsmobs:grizzly_bear":2,"minecraft:creeper":13,"alexsmobs:crimson_mosquito":3,"minecraft:sheep":8,"minecraft:trader_llama":1,"minecraft:pillager":1,"minecraft:zombie":51,"minecraft:cow":4,"alexsmobs:raccoon":4,"alexsmobs:tasmanian_devil":2,"alexsmobs:seagull":1,"alexsmobs:bison":2,"minecraft:drowned":2,"alexsmobs:flying_fish":6,"minecraft:wandering_trader":1,"minecraft:hoglin":1,"minecraft:enderman":2},"minecraft:broken":{"minecraft:iron_shovel":2,"minecraft:diamond_helmet":1,"minecraft:stone_pickaxe":8,"minecraft:diamond_boots":1,"minecraft:wooden_pickaxe":2,"minecraft:iron_pickaxe":12,"minecraft:golden_pickaxe":1},"minecraft:picked_up":{"minecraft:wooden_axe":1,"cyclic:shield_obsidian":1,"minecraft:chainmail_boots":2,"minecraft:lead":2,"minecraft:enchanted_book":9,"minecraft:string":25,"minecraft:soul_soil":1,"minecraft:iron_leggings":2,"alexsmobs:blood_sac":4,"minecraft:diamond_leggings":2,"minecraft:gold_nugget":136,"minecraft:cobbled_deepslate":1120,"minecraft:bucket":1,"minecraft:cobblestone_slab":54,"minecraft:iron_pickaxe":8,"alexsmobs:raccoon_tail":2,"minecraft:deepslate_iron_ore":3,"minecraft:furnace":1,"minecraft:golden_helmet":1,"minecraft:stick":10,"minecraft:torch":7,"minecraft:green_bed":1,"minecraft:porkchop":13,"minecraft:golden_axe":1,"tombstone:grave_dust":13,"minecraft:diorite":63,"alexsmobs:centipede_leg":3,"easy_villagers:villager":4,"minecraft:stone_sword":2,"minecraft:rotten_flesh":54,"minecraft:red_tulip":1,"minecraft:blaze_rod":3,"minecraft:obsidian":9,"minecraft:cod":7,"alexsmobs:flying_fish":5,"minecraft:cobblestone":4541,"minecraft:birch_log":18,"minecraft:cooked_beef":5,"minecraft:feather":2,"minecraft:lilac":1,"minecraft:andesite":311,"minecraft:brown_wool":1,"minecraft:potato":1,"alexsmobs:bear_fur":1,"alexsmobs:bison_fur":4,"minecraft:flint":12,"minecraft:tuff":5,"skilltree:gem":246,"minecraft:lapis_lazuli":16,"minecraft:dirt":823,"cyclic:flower_cyan":2,"minecraft:bone":36,"minecraft:bow":4,"minecraft:wheat_seeds":37,"minecraft:raw_gold":31,"minecraft:diamond_helmet":2,"minecraft:oak_planks":20,"ironfurnaces:iron_furnace":2,"minecraft:cooked_porkchop":6,"minecraft:sand":8,"cyclic:flower_absalon_tulip":5,"sophisticatedbackpacks:jukebox_upgrade":1,"minecraft:grass_block":1,"minecraft:bundle":5,"minecraft:diamond":124,"minecraft:deepslate":104,"improvableskills:skills_book":2,"minecraft:cracked_polished_blackstone_bricks":2,"minecraft:granite":106,"minecraft:bone_meal":1,"minecraft:emerald":12,"minecraft:bread":1,"alexsmobs:maggot":2,"minecraft:oak_sapling":24,"minecraft:netherrack":1604,"minecraft:crimson_roots":1,"minecraft:crafting_table":1,"minecraft:azure_bluet":3,"minecraft:chicken":4,"minecraft:golden_pickaxe":1,"minecraft:wooden_pickaxe":2,"minecraft:gold_block":3,"enigmaticlegacy:tattered_tome":3,"minecraft:iron_axe":2,"minecraft:item_frame":1,"minecraft:blackstone":37,"cyclic:flower_lime_carnation":2,"improvableskills:scroll_normal":1,"minecraft:deepslate_diamond_ore":110,"minecraft:beef":22,"minecraft:poppy":5,"minecraft:light_gray_wool":2,"minecraft:sugar_cane":9,"minecraft:chest":2,"minecraft:egg":6,"minecraft:raw_iron":72,"minecraft:stone":58,"sophisticatedbackpacks:backpack":1,"minecraft:polished_blackstone_bricks":10,"minecraft:redstone":36,"minecraft:arrow":54,"minecraft:diamond_chestplate":2,"minecraft:beetroot_seeds":4,"ironfurnaces:gold_furnace":2,"minecraft:diamond_boots":2,"tombstone:essence_of_undeath":1,"sophisticatedbackpacks:copper_backpack":2,"minecraft:mutton":18,"minecraft:bone_block":23,"minecraft:white_wool":6,"minecraft:golden_carrot":6,"minecraft:crimson_stem":10,"minecraft:leather":4,"minecraft:birch_planks":10,"minecraft:oak_log":133,"minecraft:ancient_debris":22,"minecraft:gunpowder":11,"improvableskills:scroll_creative":1,"minecraft:cooked_mutton":7,"minecraft:apple":1,"minecraft:kelp":108,"minecraft:iron_ingot":113,"minecraft:stone_pickaxe":2,"minecraft:iron_ore":1,"tombstone:bag_of_seeds":2,"minecraft:iron_sword":3,"sophisticatedbackpacks:diamond_backpack":1,"minecraft:book":8,"minecraft:sweet_berries":16,"minecraft:quartz":222,"minecraft:dandelion":2,"minecraft:gravel":107,"minecraft:spruce_sapling":6,"minecraft:spruce_log":11,"minecraft:spider_eye":6,"minecraft:lime_dye":4,"minecraft:stone_axe":2,"tombstone:scroll_of_knowledge":12,"minecraft:chainmail_leggings":2,"tombstone:magic_scroll":7,"minecraft:melon_seeds":7,"minecraft:coal":496,"minecraft:sunflower":1,"minecraft:ender_pearl":1}},"DataVersion":3465}