{"stats":{"minecraft:used":{"ironfurnaces:gold_furnace":1,"minecraft:stone_sword":37,"minecraft:stone_pickaxe":679,"minecraft:oak_planks":1,"alexsmobs:flying_fish_boots":1,"minecraft:shield":1,"minecraft:wooden_pickaxe":59,"minecraft:iron_chestplate":1,"minecraft:torch":15,"minecraft:dirt":12,"minecraft:crafting_table":3,"minecraft:wooden_axe":37,"minecraft:iron_pickaxe":68,"minecraft:iron_helmet":1,"minecraft:iron_boots":1,"minecraft:stone_axe":1,"minecraft:cobblestone":6,"minecraft:furnace":1,"minecraft:cooked_cod":4,"tombstone:gift":2,"minecraft:golden_pickaxe":32,"minecraft:iron_leggings":1},"minecraft:custom":{"enigmaticlegacy:play_time_with_seven_curses":0,"minecraft:interact_with_furnace":31,"minecraft:mob_kills":23,"enigmaticlegacy:play_time_without_seven_curses":87302,"minecraft:interact_with_crafting_table":27,"minecraft:open_barrel":2,"goblintraders:trade_with_goblin":7,"minecraft:leave_game":9,"minecraft:time_since_death":43547,"minecraft:time_since_rest":43049,"minecraft:sprint_one_cm":34271,"minecraft:damage_taken":2381,"minecraft:walk_one_cm":177711,"minecraft:damage_blocked_by_shield":10,"minecraft:drop":30,"minecraft:damage_dealt":2394,"minecraft:swim_one_cm":31973,"minecraft:fly_one_cm":96518,"minecraft:player_kills":1,"minecraft:open_chest":7,"minecraft:crouch_one_cm":1138,"minecraft:play_time":87570,"tombstone:undead_killed":4,"minecraft:deaths":8,"minecraft:sneak_time":1451,"minecraft:walk_under_water_one_cm":16337,"minecraft:jump":626,"minecraft:walk_on_water_one_cm":24549,"minecraft:total_world_time":87570,"minecraft:fall_one_cm":15170},"minecraft:killed":{"minecraft:spider":2,"minecraft:cod":7,"alexsmobs:tasmanian_devil":2,"alexsmobs:seagull":1,"minecraft:creeper":1,"minecraft:skeleton":1,"minecraft:zombie":2,"minecraft:drowned":1,"alexsmobs:flying_fish":6},"minecraft:killed_by":{"alexsmobs:tasmanian_devil":2,"minecraft:skeleton":2,"minecraft:zombie":1},"minecraft:picked_up":{"minecraft:wooden_axe":1,"minecraft:birch_log":11,"minecraft:andesite":8,"minecraft:golden_pickaxe":1,"minecraft:oak_log":13,"minecraft:gunpowder":1,"improvableskills:scroll_creative":1,"skilltree:gem":27,"minecraft:string":4,"minecraft:kelp":2,"minecraft:cobbled_deepslate":36,"minecraft:raw_gold":28,"minecraft:cobblestone_slab":54,"minecraft:iron_pickaxe":1,"ironfurnaces:iron_furnace":1,"minecraft:raw_iron":54,"minecraft:torch":3,"tombstone:grave_dust":1,"minecraft:arrow":1,"minecraft:rotten_flesh":1,"improvableskills:skills_book":2,"minecraft:red_tulip":1,"minecraft:granite":69,"minecraft:bone_meal":1,"minecraft:cod":7,"minecraft:coal":51,"alexsmobs:flying_fish":5,"minecraft:cobblestone":1124},"minecraft:broken":{"minecraft:stone_pickaxe":4,"minecraft:golden_pickaxe":1,"minecraft:wooden_pickaxe":1},"minecraft:dropped":{"minecraft:golden_pickaxe":1,"minecraft:cobblestone":757,"improvableskills:skills_book":1,"enigmaticlegacy:cursed_ring":1,"minecraft:cobblestone_slab":54,"minecraft:andesite":4,"alexsmobs:flying_fish":1,"skilltree:gem":6,"minecraft:cooked_cod":3,"minecraft:string":2,"enigmaticlegacy:enigmatic_amulet":1},"minecraft:crafted":{"minecraft:cooked_cod":7,"minecraft:oak_planks":56,"minecraft:cobblestone_slab":54,"minecraft:emerald":2,"ironfurnaces:gold_furnace":1,"minecraft:crafting_table":3,"minecraft:wooden_pickaxe":1,"minecraft:iron_helmet":1,"minecraft:furnace":2,"minecraft:gold_block":1,"minecraft:stone_axe":1,"minecraft:air":0,"minecraft:iron_boots":1,"minecraft:iron_chestplate":1,"minecraft:shield":1,"minecraft:stick":56,"minecraft:iron_ingot":56,"minecraft:stone_pickaxe":10,"minecraft:wooden_axe":1,"minecraft:stone_sword":1,"minecraft:iron_leggings":1,"minecraft:gold_ingot":28,"minecraft:torch":12,"alexsmobs:flying_fish_boots":1},"minecraft:mined":{"minecraft:kelp_plant":1,"ironfurnaces:iron_furnace":1,"minecraft:torch":2,"minecraft:granite":59,"minecraft:cobblestone":2,"minecraft:deepslate_gold_ore":9,"minecraft:diorite":15,"minecraft:birch_log":9,"minecraft:iron_ore":51,"minecraft:birch_leaves":2,"minecraft:andesite":36,"minecraft:deepslate_iron_ore":3,"minecraft:oak_log":10,"minecraft:coal_ore":51,"minecraft:dirt":4,"minecraft:stone":493,"minecraft:gold_ore":16,"minecraft:deepslate":101}},"DataVersion":3465}