{"stats":{"minecraft:used":{"ironfurnaces:gold_furnace":4,"minecraft:stone_sword":40,"minecraft:dried_kelp":44,"minecraft:chest":3,"minecraft:shield":9,"minecraft:iron_sword":186,"minecraft:cooked_chicken":4,"minecraft:iron_chestplate":1,"minecraft:torch":28,"minecraft:dirt":12,"minecraft:tuff":3,"minecraft:birch_door":1,"minecraft:wooden_axe":37,"minecraft:iron_axe":141,"minecraft:iron_helmet":1,"minecraft:iron_boots":1,"minecraft:deepslate_diamond_ore":3,"minecraft:sweet_berries":8,"minecraft:cooked_cod":4,"minecraft:furnace":4,"tombstone:gift":2,"minecraft:cooked_beef":6,"minecraft:cobbled_deepslate":17,"minecraft:iron_leggings":1,"minecraft:cooked_mutton":7,"minecraft:iron_ore":1,"minecraft:birch_planks":58,"minecraft:oak_planks":70,"minecraft:stone_pickaxe":1486,"minecraft:ender_pearl":1,"alexsmobs:flying_fish_boots":1,"minecraft:wooden_pickaxe":59,"minecraft:birch_boat":1,"minecraft:green_bed":1,"minecraft:crafting_table":8,"minecraft:white_bed":1,"minecraft:bread":6,"minecraft:iron_pickaxe":1032,"minecraft:deepslate":1,"minecraft:stone_axe":1,"minecraft:cobblestone":49,"minecraft:cooked_porkchop":11,"alexsmobs:animal_dictionary":3,"minecraft:golden_pickaxe":32},"minecraft:custom":{"enigmaticlegacy:play_time_with_seven_curses":0,"minecraft:mob_kills":99,"minecraft:interact_with_crafting_table":61,"minecraft:open_barrel":4,"goblintraders:trade_with_goblin":63,"minecraft:damage_dealt_resisted":204,"minecraft:leave_game":11,"minecraft:time_since_death":99746,"minecraft:sprint_one_cm":295862,"minecraft:walk_one_cm":525653,"minecraft:damage_blocked_by_shield":250,"minecraft:drop":227,"minecraft:damage_dealt_absorbed":80,"minecraft:talked_to_villager":1,"minecraft:play_time":236855,"minecraft:sneak_time":7710,"minecraft:deaths":13,"minecraft:walk_under_water_one_cm":37060,"minecraft:jump":2907,"minecraft:walk_on_water_one_cm":30616,"minecraft:total_world_time":236855,"minecraft:interact_with_furnace":70,"minecraft:traded_with_villager":26,"enigmaticlegacy:play_time_without_seven_curses":236318,"minecraft:sleep_in_bed":2,"minecraft:time_since_rest":82695,"minecraft:damage_taken":6145,"minecraft:damage_dealt":16115,"minecraft:swim_one_cm":33019,"minecraft:fly_one_cm":493899,"minecraft:player_kills":1,"minecraft:open_chest":27,"minecraft:crouch_one_cm":6044,"tombstone:undead_killed":38,"minecraft:fall_one_cm":62916},"minecraft:killed":{"alexsmobs:raccoon":4,"minecraft:spider":11,"minecraft:cod":7,"alexsmobs:tasmanian_devil":2,"alexsmobs:seagull":1,"minecraft:skeleton":15,"minecraft:chicken":4,"alexsmobs:centipede_head":1,"alexsmobs:bison":1,"minecraft:drowned":2,"alexsmobs:flying_fish":6,"minecraft:pig":5,"alexsmobs:grizzly_bear":2,"minecraft:creeper":5,"minecraft:sheep":4,"minecraft:pillager":1,"minecraft:zombie":21,"minecraft:enderman":1},"minecraft:killed_by":{"minecraft:creeper":1,"minecraft:spider":1,"alexsmobs:tasmanian_devil":2,"minecraft:skeleton":2,"minecraft:zombie":1,"alexsmobs:grizzly_bear":2},"minecraft:picked_up":{"minecraft:wooden_axe":1,"cyclic:shield_obsidian":1,"minecraft:chicken":4,"minecraft:golden_pickaxe":1,"minecraft:iron_axe":1,"minecraft:string":18,"cyclic:flower_lime_carnation":2,"minecraft:diamond_leggings":1,"minecraft:cobbled_deepslate":1120,"minecraft:deepslate_diamond_ore":110,"minecraft:beef":6,"minecraft:cobblestone_slab":54,"minecraft:poppy":4,"minecraft:iron_pickaxe":7,"alexsmobs:raccoon_tail":2,"minecraft:chest":1,"minecraft:deepslate_iron_ore":3,"minecraft:furnace":1,"minecraft:egg":6,"minecraft:stick":3,"minecraft:raw_iron":72,"minecraft:stone":58,"minecraft:torch":6,"minecraft:green_bed":1,"minecraft:porkchop":11,"tombstone:grave_dust":8,"alexsmobs:centipede_leg":3,"minecraft:stone_sword":2,"minecraft:arrow":21,"minecraft:rotten_flesh":19,"ironfurnaces:gold_furnace":2,"minecraft:diamond_boots":1,"minecraft:red_tulip":1,"sophisticatedbackpacks:copper_backpack":1,"minecraft:obsidian":9,"minecraft:mutton":13,"minecraft:cod":7,"alexsmobs:flying_fish":5,"minecraft:white_wool":3,"minecraft:cobblestone":2522,"minecraft:birch_log":18,"minecraft:feather":2,"minecraft:andesite":132,"minecraft:brown_wool":1,"minecraft:birch_planks":10,"alexsmobs:bear_fur":1,"minecraft:flint":11,"minecraft:tuff":5,"minecraft:oak_log":55,"minecraft:gunpowder":7,"improvableskills:scroll_creative":1,"minecraft:lapis_lazuli":16,"skilltree:gem":69,"minecraft:dirt":67,"minecraft:cooked_mutton":1,"minecraft:bone":15,"minecraft:kelp":108,"minecraft:bow":1,"minecraft:wheat_seeds":3,"minecraft:raw_gold":31,"minecraft:iron_ingot":1,"minecraft:stone_pickaxe":2,"minecraft:iron_ore":1,"minecraft:diamond_helmet":1,"minecraft:iron_sword":2,"minecraft:oak_planks":6,"ironfurnaces:iron_furnace":2,"minecraft:sweet_berries":16,"minecraft:gravel":94,"cyclic:flower_absalon_tulip":2,"minecraft:grass_block":1,"minecraft:spider_eye":3,"minecraft:bundle":1,"minecraft:lime_dye":4,"minecraft:deepslate":104,"minecraft:diamond":124,"minecraft:stone_axe":2,"improvableskills:skills_book":2,"minecraft:granite":69,"minecraft:bone_meal":1,"tombstone:magic_scroll":1,"minecraft:oak_sapling":15,"minecraft:coal":175,"minecraft:ender_pearl":1},"minecraft:broken":{"minecraft:wooden_pickaxe":1,"minecraft:stone_pickaxe":7,"minecraft:iron_pickaxe":2,"minecraft:golden_pickaxe":1},"minecraft:dropped":{"minecraft:iron_sword":2,"minecraft:wheat_seeds":3,"minecraft:golden_pickaxe":1,"minecraft:diamond":15,"minecraft:deepslate_diamond_ore":55,"minecraft:diamond_leggings":2,"minecraft:feather":2,"minecraft:iron_helmet":1,"minecraft:cobblestone":887,"minecraft:grass_block":1,"minecraft:emerald":28,"minecraft:stick":1,"minecraft:dirt":74,"minecraft:cooked_cod":3,"alexsmobs:flying_fish":1,"skilltree:gem":6,"minecraft:brown_wool":1,"minecraft:diamond_helmet":2,"tombstone:grave_dust":7,"minecraft:iron_leggings":1,"minecraft:dried_kelp":16,"minecraft:bone_meal":1,"minecraft:iron_axe":2,"minecraft:iron_pickaxe":6,"minecraft:string":2,"alexsmobs:raccoon_tail":1,"minecraft:gravel":94,"alexsmobs:centipede_leg":2,"minecraft:stone_axe":3,"cyclic:flower_absalon_tulip":2,"minecraft:deepslate":103,"minecraft:stone_sword":3,"minecraft:cobbled_deepslate":1164,"minecraft:obsidian":9,"minecraft:tuff":2,"tombstone:gift":2,"minecraft:rotten_flesh":19,"minecraft:oak_planks":1,"minecraft:iron_boots":1,"minecraft:lime_dye":8,"improvableskills:skills_book":1,"minecraft:cooked_mutton":1,"alexsmobs:bear_fur":1,"enigmaticlegacy:cursed_ring":1,"minecraft:poppy":4,"minecraft:cobblestone_slab":108,"minecraft:stone":58,"minecraft:gunpowder":6,"minecraft:diamond_chestplate":1,"minecraft:iron_chestplate":1,"minecraft:andesite":128,"minecraft:birch_door":2,"minecraft:oak_sapling":15,"minecraft:spider_eye":3,"minecraft:diamond_boots":2,"minecraft:stone_pickaxe":5,"enigmaticlegacy:enigmatic_amulet":1,"minecraft:egg":3},"minecraft:crafted":{"minecraft:oak_planks":172,"minecraft:cobblestone_slab":54,"minecraft:coal":2,"ironfurnaces:gold_furnace":2,"minecraft:birch_boat":1,"minecraft:cooked_chicken":4,"minecraft:furnace":3,"minecraft:cooked_mutton":7,"minecraft:diamond_helmet":2,"minecraft:diamond_leggings":2,"minecraft:iron_boots":1,"minecraft:iron_axe":1,"minecraft:lime_dye":4,"minecraft:stone_pickaxe":12,"minecraft:chest":2,"minecraft:diamond_boots":2,"minecraft:birch_door":3,"alexsmobs:flying_fish_boots":1,"sophisticatedbackpacks:iron_backpack":1,"minecraft:cooked_beef":6,"minecraft:cooked_cod":7,"minecraft:diamond_axe":1,"minecraft:emerald":54,"minecraft:cooked_porkchop":11,"minecraft:crafting_table":8,"skilltree:gem":1,"minecraft:dried_kelp":60,"minecraft:wooden_pickaxe":1,"minecraft:iron_helmet":1,"minecraft:iron_sword":1,"minecraft:gold_block":2,"minecraft:birch_planks":76,"minecraft:stone_axe":1,"minecraft:bread":156,"minecraft:air":0,"minecraft:iron_chestplate":1,"minecraft:diamond_pickaxe":1,"minecraft:shield":1,"minecraft:stick":80,"minecraft:iron_pickaxe":4,"minecraft:iron_ingot":58,"minecraft:wooden_axe":1,"minecraft:stone_sword":1,"minecraft:iron_leggings":1,"minecraft:gold_ingot":32,"minecraft:white_bed":1,"minecraft:torch":40,"minecraft:diamond_chestplate":2},"minecraft:mined":{"minecraft:tuff":2,"minecraft:deepslate_diamond_ore":116,"minecraft:granite":59,"minecraft:grass_block":2,"minecraft:kelp":2,"minecraft:tall_seagrass":5,"minecraft:furnace":1,"minecraft:iron_ore":52,"minecraft:cobbled_deepslate":3,"minecraft:andesite":138,"minecraft:deepslate_iron_ore":25,"minecraft:stone":954,"cyclic:flower_lime_carnation":2,"cyclic:flower_absalon_tulip":2,"minecraft:kelp_plant":26,"ironfurnaces:iron_furnace":1,"minecraft:torch":3,"minecraft:tall_grass":4,"minecraft:cobblestone":5,"minecraft:deepslate_gold_ore":12,"minecraft:oak_planks":4,"minecraft:wall_torch":1,"minecraft:diorite":15,"minecraft:seagrass":7,"minecraft:birch_planks":5,"minecraft:birch_log":15,"minecraft:sweet_berry_bush":1,"minecraft:birch_leaves":2,"minecraft:grass":21,"minecraft:oak_log":32,"minecraft:coal_ore":86,"minecraft:dirt":4,"minecraft:gold_ore":16,"minecraft:oak_leaves":48,"minecraft:deepslate":1079}},"DataVersion":3465}