{"stats":{"minecraft:dropped":{"minecraft:blue_dye":1,"minecraft:wheat_seeds":1,"minecraft:tuff":67,"minecraft:raw_iron":193,"minecraft:oak_planks":7,"minecraft:granite":8,"improvableskills:skills_book":1,"enigmaticlegacy:enigmatic_amulet":1,"enigmaticlegacy:cursed_ring":1},"minecraft:custom":{"enigmaticlegacy:play_time_with_seven_curses":0,"minecraft:time_since_rest":24595,"minecraft:sprint_one_cm":30533,"minecraft:damage_taken":255,"minecraft:walk_one_cm":36046,"minecraft:drop":13,"minecraft:swim_one_cm":2023,"minecraft:interact_with_crafting_table":4,"enigmaticlegacy:play_time_without_seven_curses":24595,"minecraft:fly_one_cm":19880,"minecraft:open_chest":2,"minecraft:play_time":24595,"minecraft:crouch_one_cm":433,"minecraft:sneak_time":162,"minecraft:walk_under_water_one_cm":2147,"minecraft:jump":202,"minecraft:leave_game":1,"minecraft:time_since_death":24595,"minecraft:walk_on_water_one_cm":1507,"minecraft:total_world_time":24595,"minecraft:fall_one_cm":5870},"minecraft:broken":{"minecraft:stone_pickaxe":6,"minecraft:wooden_pickaxe":1},"minecraft:mined":{"minecraft:tuff":162,"minecraft:raw_iron_block":2,"minecraft:dandelion":3,"minecraft:azure_bluet":1,"minecraft:crafting_table":2,"minecraft:cornflower":1,"minecraft:granite":8,"minecraft:grass":4,"minecraft:grass_block":12,"minecraft:coal_ore":20,"minecraft:oak_log":6,"minecraft:poppy":1,"minecraft:deepslate_iron_ore":175,"minecraft:dirt":58,"minecraft:stone":126,"minecraft:oxeye_daisy":1,"minecraft:oak_leaves":1,"minecraft:deepslate":298},"minecraft:used":{"minecraft:apple":2,"minecraft:stone_pickaxe":786,"minecraft:wooden_pickaxe":59,"minecraft:dirt":8,"minecraft:crafting_table":3},"minecraft:crafted":{"minecraft:red_dye":1,"minecraft:blue_dye":1,"minecraft:oak_planks":24,"minecraft:raw_iron":18,"sophisticatedbackpacks:backpack":3,"minecraft:yellow_dye":3,"minecraft:crafting_table":2,"minecraft:stick":12,"minecraft:wooden_pickaxe":1,"minecraft:stone_pickaxe":6,"minecraft:light_gray_dye":1},"minecraft:picked_up":{"minecraft:crafting_table":2,"minecraft:stick":2,"minecraft:raw_iron":175,"minecraft:wheat":2,"minecraft:dandelion":3,"minecraft:raw_iron_block":2,"sophisticatedbackpacks:backpack":1,"minecraft:tuff":67,"minecraft:oak_log":6,"improvableskills:scroll_creative":1,"skilltree:gem":39,"minecraft:cornflower":1,"minecraft:dirt":69,"minecraft:apple":2,"improvableskills:skills_book":1,"minecraft:wheat_seeds":3,"minecraft:cobbled_deepslate":298,"minecraft:granite":8,"minecraft:poppy":1,"minecraft:iron_pickaxe":1,"minecraft:oak_sapling":2,"minecraft:coal":20,"minecraft:cobblestone":126,"minecraft:oxeye_daisy":1}},"DataVersion":3465}