{"stats":{"minecraft:used":{"minecraft:stone_sword":34,"minecraft:stone_pickaxe":145,"alexsmobs:flying_fish_boots":1,"minecraft:wooden_pickaxe":59,"minecraft:dirt":12,"minecraft:crafting_table":3,"minecraft:wooden_axe":37,"minecraft:cobblestone":5,"minecraft:furnace":1,"minecraft:cooked_cod":4,"tombstone:gift":2},"minecraft:custom":{"enigmaticlegacy:play_time_with_seven_curses":0,"minecraft:interact_with_furnace":12,"minecraft:mob_kills":23,"enigmaticlegacy:play_time_without_seven_curses":56715,"minecraft:interact_with_crafting_table":16,"minecraft:leave_game":9,"minecraft:time_since_death":12960,"minecraft:time_since_rest":12462,"minecraft:sprint_one_cm":33927,"minecraft:damage_taken":2230,"minecraft:walk_one_cm":112201,"minecraft:drop":16,"minecraft:damage_dealt":2140,"minecraft:swim_one_cm":31973,"minecraft:fly_one_cm":96113,"minecraft:crouch_one_cm":1138,"minecraft:play_time":56983,"tombstone:undead_killed":4,"minecraft:deaths":8,"minecraft:sneak_time":1406,"minecraft:walk_under_water_one_cm":16337,"minecraft:jump":367,"minecraft:walk_on_water_one_cm":24549,"minecraft:total_world_time":56983,"minecraft:fall_one_cm":11545},"minecraft:killed":{"minecraft:spider":2,"minecraft:cod":7,"alexsmobs:tasmanian_devil":2,"alexsmobs:seagull":1,"minecraft:creeper":1,"minecraft:skeleton":1,"minecraft:zombie":2,"minecraft:drowned":1,"alexsmobs:flying_fish":6},"minecraft:killed_by":{"alexsmobs:tasmanian_devil":2,"minecraft:skeleton":2,"minecraft:zombie":1},"minecraft:picked_up":{"minecraft:wooden_axe":1,"minecraft:birch_log":11,"minecraft:andesite":4,"minecraft:oak_log":13,"minecraft:gunpowder":1,"improvableskills:scroll_creative":1,"skilltree:gem":11,"minecraft:string":4,"minecraft:kelp":2,"minecraft:raw_iron":16,"tombstone:grave_dust":1,"minecraft:arrow":1,"improvableskills:skills_book":2,"minecraft:granite":8,"minecraft:bone_meal":1,"minecraft:cod":7,"minecraft:coal":17,"alexsmobs:flying_fish":5,"minecraft:cobblestone":637},"minecraft:broken":{"minecraft:wooden_pickaxe":1},"minecraft:dropped":{"minecraft:cobblestone":256,"enigmaticlegacy:cursed_ring":1,"alexsmobs:flying_fish":1,"skilltree:gem":4,"minecraft:cooked_cod":3,"minecraft:string":2,"enigmaticlegacy:enigmatic_amulet":1},"minecraft:crafted":{"minecraft:cooked_cod":7,"minecraft:oak_planks":56,"minecraft:cobblestone_slab":54,"minecraft:crafting_table":3,"minecraft:wooden_pickaxe":1,"minecraft:furnace":1,"minecraft:stone_axe":1,"minecraft:stick":20,"minecraft:iron_ingot":4,"minecraft:stone_pickaxe":6,"minecraft:wooden_axe":1,"minecraft:stone_sword":1,"alexsmobs:flying_fish_boots":1},"minecraft:mined":{"minecraft:kelp_plant":1,"minecraft:granite":8,"minecraft:cobblestone":2,"minecraft:birch_log":9,"minecraft:iron_ore":16,"minecraft:birch_leaves":2,"minecraft:andesite":4,"minecraft:oak_log":10,"minecraft:coal_ore":17,"minecraft:dirt":4,"minecraft:stone":156}},"DataVersion":3465}