{"stats":{"minecraft:used":{"ironfurnaces:gold_furnace":2,"minecraft:stone_sword":40,"minecraft:dried_kelp":44,"minecraft:chest":3,"minecraft:shield":8,"minecraft:iron_sword":136,"minecraft:cooked_chicken":4,"minecraft:iron_chestplate":1,"minecraft:torch":28,"minecraft:dirt":12,"minecraft:wooden_axe":37,"minecraft:iron_axe":102,"minecraft:iron_helmet":1,"minecraft:iron_boots":1,"minecraft:cooked_cod":4,"minecraft:furnace":4,"tombstone:gift":2,"minecraft:iron_leggings":1,"minecraft:cooked_mutton":6,"minecraft:birch_planks":45,"minecraft:oak_planks":38,"minecraft:stone_pickaxe":1486,"alexsmobs:flying_fish_boots":1,"minecraft:wooden_pickaxe":59,"minecraft:birch_boat":1,"minecraft:green_bed":1,"minecraft:crafting_table":4,"minecraft:white_bed":1,"minecraft:iron_pickaxe":241,"minecraft:stone_axe":1,"minecraft:cobblestone":46,"minecraft:cooked_porkchop":9,"alexsmobs:animal_dictionary":3,"minecraft:golden_pickaxe":32},"minecraft:custom":{"enigmaticlegacy:play_time_with_seven_curses":0,"minecraft:mob_kills":78,"minecraft:interact_with_crafting_table":46,"minecraft:open_barrel":3,"goblintraders:trade_with_goblin":63,"minecraft:damage_dealt_resisted":204,"minecraft:leave_game":10,"minecraft:time_since_death":46046,"minecraft:sprint_one_cm":199258,"minecraft:walk_one_cm":406691,"minecraft:damage_blocked_by_shield":240,"minecraft:drop":123,"minecraft:damage_dealt_absorbed":80,"minecraft:play_time":183155,"minecraft:sneak_time":5362,"minecraft:deaths":13,"minecraft:walk_under_water_one_cm":37060,"minecraft:jump":2189,"minecraft:walk_on_water_one_cm":30173,"minecraft:total_world_time":183155,"minecraft:interact_with_furnace":65,"enigmaticlegacy:play_time_without_seven_curses":182618,"minecraft:sleep_in_bed":2,"minecraft:time_since_rest":28995,"minecraft:damage_taken":5321,"minecraft:damage_dealt":11721,"minecraft:swim_one_cm":33019,"minecraft:fly_one_cm":335112,"minecraft:player_kills":1,"minecraft:open_chest":18,"minecraft:crouch_one_cm":5466,"tombstone:undead_killed":21,"minecraft:fall_one_cm":48644},"minecraft:killed":{"alexsmobs:raccoon":4,"minecraft:spider":11,"minecraft:cod":7,"alexsmobs:tasmanian_devil":2,"alexsmobs:seagull":1,"minecraft:skeleton":10,"minecraft:chicken":4,"alexsmobs:bison":1,"minecraft:drowned":2,"alexsmobs:flying_fish":6,"minecraft:pig":5,"alexsmobs:grizzly_bear":2,"minecraft:creeper":3,"minecraft:sheep":4,"minecraft:pillager":1,"minecraft:zombie":9,"minecraft:enderman":1},"minecraft:killed_by":{"minecraft:creeper":1,"minecraft:spider":1,"alexsmobs:tasmanian_devil":2,"minecraft:skeleton":2,"minecraft:zombie":1,"alexsmobs:grizzly_bear":2},"minecraft:picked_up":{"minecraft:wooden_axe":1,"minecraft:chicken":4,"minecraft:golden_pickaxe":1,"minecraft:string":18,"cyclic:flower_lime_carnation":2,"minecraft:diamond_leggings":1,"minecraft:cobbled_deepslate":361,"minecraft:beef":6,"minecraft:cobblestone_slab":54,"minecraft:poppy":4,"minecraft:iron_pickaxe":3,"alexsmobs:raccoon_tail":2,"minecraft:chest":1,"minecraft:furnace":1,"minecraft:egg":6,"minecraft:stick":3,"minecraft:raw_iron":63,"minecraft:torch":6,"minecraft:green_bed":1,"minecraft:porkchop":11,"tombstone:grave_dust":6,"minecraft:stone_sword":2,"minecraft:arrow":19,"minecraft:rotten_flesh":12,"minecraft:diamond_boots":1,"minecraft:red_tulip":1,"sophisticatedbackpacks:copper_backpack":1,"minecraft:mutton":7,"minecraft:cod":7,"alexsmobs:flying_fish":5,"minecraft:white_wool":3,"minecraft:cobblestone":2401,"minecraft:birch_log":11,"minecraft:feather":2,"minecraft:andesite":88,"minecraft:brown_wool":1,"minecraft:birch_planks":10,"alexsmobs:bear_fur":1,"minecraft:flint":11,"minecraft:tuff":2,"minecraft:oak_log":55,"minecraft:gunpowder":5,"improvableskills:scroll_creative":1,"skilltree:gem":68,"minecraft:dirt":67,"minecraft:cooked_mutton":1,"minecraft:bone":8,"minecraft:kelp":108,"minecraft:bow":1,"minecraft:wheat_seeds":3,"minecraft:raw_gold":31,"minecraft:iron_ingot":1,"minecraft:stone_pickaxe":2,"minecraft:diamond_helmet":1,"minecraft:iron_sword":1,"minecraft:oak_planks":5,"ironfurnaces:iron_furnace":2,"minecraft:gravel":94,"minecraft:grass_block":1,"minecraft:spider_eye":3,"minecraft:bundle":1,"minecraft:lime_dye":4,"minecraft:diamond":117,"minecraft:stone_axe":2,"improvableskills:skills_book":2,"minecraft:granite":69,"minecraft:bone_meal":1,"minecraft:oak_sapling":15,"minecraft:coal":91,"minecraft:ender_pearl":1},"minecraft:broken":{"minecraft:wooden_pickaxe":1,"minecraft:stone_pickaxe":7,"minecraft:golden_pickaxe":1},"minecraft:dropped":{"minecraft:wheat_seeds":3,"minecraft:golden_pickaxe":1,"minecraft:diamond_leggings":2,"minecraft:feather":2,"minecraft:iron_helmet":1,"minecraft:cobblestone":766,"minecraft:grass_block":1,"minecraft:emerald":28,"minecraft:stick":1,"minecraft:dirt":74,"minecraft:cooked_cod":3,"alexsmobs:flying_fish":1,"skilltree:gem":6,"minecraft:brown_wool":1,"minecraft:diamond_helmet":2,"tombstone:grave_dust":5,"minecraft:iron_leggings":1,"minecraft:dried_kelp":16,"minecraft:bone_meal":1,"minecraft:iron_pickaxe":1,"minecraft:string":2,"alexsmobs:raccoon_tail":1,"minecraft:gravel":94,"minecraft:stone_axe":3,"minecraft:stone_sword":3,"minecraft:cobbled_deepslate":318,"minecraft:tuff":2,"tombstone:gift":2,"minecraft:rotten_flesh":10,"minecraft:oak_planks":1,"minecraft:iron_boots":1,"minecraft:lime_dye":4,"improvableskills:skills_book":1,"minecraft:cooked_mutton":1,"enigmaticlegacy:cursed_ring":1,"minecraft:poppy":4,"minecraft:cobblestone_slab":108,"minecraft:diamond_chestplate":1,"minecraft:iron_chestplate":1,"minecraft:andesite":84,"minecraft:oak_sapling":15,"minecraft:spider_eye":2,"minecraft:diamond_boots":2,"minecraft:stone_pickaxe":5,"enigmaticlegacy:enigmatic_amulet":1,"minecraft:egg":3},"minecraft:crafted":{"minecraft:oak_planks":120,"minecraft:cobblestone_slab":54,"minecraft:coal":2,"ironfurnaces:gold_furnace":2,"minecraft:birch_boat":1,"minecraft:cooked_chicken":4,"minecraft:furnace":3,"minecraft:cooked_mutton":7,"minecraft:diamond_helmet":2,"minecraft:diamond_leggings":2,"minecraft:iron_boots":1,"minecraft:iron_axe":1,"minecraft:lime_dye":4,"minecraft:stone_pickaxe":12,"minecraft:chest":2,"minecraft:diamond_boots":2,"alexsmobs:flying_fish_boots":1,"minecraft:cooked_cod":7,"minecraft:emerald":54,"minecraft:cooked_porkchop":11,"minecraft:crafting_table":4,"minecraft:dried_kelp":60,"minecraft:wooden_pickaxe":1,"minecraft:iron_helmet":1,"minecraft:iron_sword":1,"minecraft:gold_block":2,"minecraft:birch_planks":48,"minecraft:stone_axe":1,"minecraft:air":0,"minecraft:iron_chestplate":1,"minecraft:shield":1,"minecraft:stick":68,"minecraft:iron_ingot":58,"minecraft:wooden_axe":1,"minecraft:stone_sword":1,"minecraft:iron_leggings":1,"minecraft:gold_ingot":32,"minecraft:white_bed":1,"minecraft:torch":40,"minecraft:diamond_chestplate":2},"minecraft:mined":{"minecraft:tuff":2,"minecraft:deepslate_diamond_ore":54,"minecraft:granite":59,"minecraft:grass_block":2,"minecraft:kelp":2,"minecraft:tall_seagrass":5,"minecraft:furnace":1,"minecraft:iron_ore":51,"minecraft:cobbled_deepslate":1,"minecraft:andesite":116,"minecraft:deepslate_iron_ore":12,"minecraft:stone":924,"cyclic:flower_lime_carnation":2,"minecraft:kelp_plant":26,"ironfurnaces:iron_furnace":1,"minecraft:torch":3,"minecraft:tall_grass":1,"minecraft:cobblestone":5,"minecraft:deepslate_gold_ore":12,"minecraft:oak_planks":3,"minecraft:wall_torch":1,"minecraft:diorite":15,"minecraft:seagrass":7,"minecraft:birch_planks":5,"minecraft:birch_log":9,"minecraft:birch_leaves":2,"minecraft:grass":9,"minecraft:oak_log":32,"minecraft:coal_ore":86,"minecraft:dirt":4,"minecraft:gold_ore":16,"minecraft:oak_leaves":48,"minecraft:deepslate":418}},"DataVersion":3465}