{"stats":{"minecraft:used":{"minecraft:stone_sword":36,"minecraft:stone_pickaxe":674,"alexsmobs:flying_fish_boots":1,"minecraft:wooden_pickaxe":59,"minecraft:torch":8,"minecraft:dirt":12,"minecraft:crafting_table":3,"minecraft:wooden_axe":37,"minecraft:iron_pickaxe":66,"minecraft:cobblestone":6,"minecraft:furnace":1,"minecraft:cooked_cod":4,"tombstone:gift":2,"minecraft:golden_pickaxe":32},"minecraft:custom":{"enigmaticlegacy:play_time_with_seven_curses":0,"minecraft:interact_with_furnace":17,"minecraft:mob_kills":23,"enigmaticlegacy:play_time_without_seven_curses":75302,"minecraft:interact_with_crafting_table":20,"minecraft:open_barrel":2,"minecraft:leave_game":9,"minecraft:time_since_death":31547,"minecraft:time_since_rest":31049,"minecraft:sprint_one_cm":34271,"minecraft:damage_taken":2370,"minecraft:walk_one_cm":156659,"minecraft:drop":30,"minecraft:damage_dealt":2240,"minecraft:swim_one_cm":31973,"minecraft:fly_one_cm":96419,"minecraft:player_kills":1,"minecraft:open_chest":4,"minecraft:crouch_one_cm":1138,"minecraft:play_time":75570,"tombstone:undead_killed":4,"minecraft:deaths":8,"minecraft:sneak_time":1406,"minecraft:walk_under_water_one_cm":16337,"minecraft:jump":557,"minecraft:walk_on_water_one_cm":24549,"minecraft:total_world_time":75570,"minecraft:fall_one_cm":14901},"minecraft:killed":{"minecraft:spider":2,"minecraft:cod":7,"alexsmobs:tasmanian_devil":2,"alexsmobs:seagull":1,"minecraft:creeper":1,"minecraft:skeleton":1,"minecraft:zombie":2,"minecraft:drowned":1,"alexsmobs:flying_fish":6},"minecraft:killed_by":{"alexsmobs:tasmanian_devil":2,"minecraft:skeleton":2,"minecraft:zombie":1},"minecraft:picked_up":{"minecraft:wooden_axe":1,"minecraft:birch_log":11,"minecraft:andesite":8,"minecraft:golden_pickaxe":1,"minecraft:oak_log":13,"minecraft:gunpowder":1,"improvableskills:scroll_creative":1,"skilltree:gem":25,"minecraft:string":4,"minecraft:kelp":2,"minecraft:cobbled_deepslate":35,"minecraft:raw_gold":24,"minecraft:cobblestone_slab":54,"minecraft:iron_pickaxe":1,"minecraft:raw_iron":50,"minecraft:torch":2,"tombstone:grave_dust":1,"minecraft:arrow":1,"minecraft:rotten_flesh":1,"improvableskills:skills_book":2,"minecraft:red_tulip":1,"minecraft:granite":69,"minecraft:bone_meal":1,"minecraft:cod":7,"minecraft:coal":51,"alexsmobs:flying_fish":5,"minecraft:cobblestone":1108},"minecraft:broken":{"minecraft:stone_pickaxe":4,"minecraft:golden_pickaxe":1,"minecraft:wooden_pickaxe":1},"minecraft:dropped":{"minecraft:golden_pickaxe":1,"minecraft:cobblestone":757,"improvableskills:skills_book":1,"enigmaticlegacy:cursed_ring":1,"minecraft:cobblestone_slab":54,"minecraft:andesite":4,"alexsmobs:flying_fish":1,"skilltree:gem":6,"minecraft:cooked_cod":3,"minecraft:string":2,"enigmaticlegacy:enigmatic_amulet":1},"minecraft:crafted":{"minecraft:cooked_cod":7,"minecraft:oak_planks":56,"minecraft:cobblestone_slab":54,"minecraft:crafting_table":3,"minecraft:wooden_pickaxe":1,"minecraft:furnace":2,"minecraft:stone_axe":1,"minecraft:stick":56,"minecraft:iron_ingot":4,"minecraft:stone_pickaxe":10,"minecraft:wooden_axe":1,"minecraft:stone_sword":1,"minecraft:torch":12,"alexsmobs:flying_fish_boots":1},"minecraft:mined":{"minecraft:kelp_plant":1,"minecraft:torch":2,"minecraft:granite":59,"minecraft:cobblestone":2,"minecraft:deepslate_gold_ore":9,"minecraft:diorite":15,"minecraft:birch_log":9,"minecraft:iron_ore":47,"minecraft:birch_leaves":2,"minecraft:andesite":36,"minecraft:deepslate_iron_ore":3,"minecraft:oak_log":10,"minecraft:coal_ore":51,"minecraft:dirt":4,"minecraft:stone":491,"minecraft:gold_ore":16,"minecraft:deepslate":101}},"DataVersion":3465}