{"stats":{"minecraft:used":{"ironfurnaces:gold_furnace":2,"minecraft:stone_sword":40,"minecraft:dried_kelp":33,"minecraft:stone_pickaxe":1475,"minecraft:oak_planks":1,"alexsmobs:flying_fish_boots":1,"minecraft:shield":1,"minecraft:wooden_pickaxe":59,"minecraft:iron_chestplate":1,"minecraft:torch":16,"minecraft:dirt":12,"minecraft:crafting_table":3,"minecraft:wooden_axe":37,"minecraft:iron_pickaxe":193,"minecraft:iron_helmet":1,"minecraft:iron_boots":1,"minecraft:stone_axe":1,"minecraft:cobblestone":15,"minecraft:furnace":2,"minecraft:cooked_cod":4,"tombstone:gift":2,"minecraft:golden_pickaxe":32,"minecraft:iron_leggings":1},"minecraft:custom":{"enigmaticlegacy:play_time_with_seven_curses":0,"minecraft:interact_with_furnace":52,"minecraft:mob_kills":24,"enigmaticlegacy:play_time_without_seven_curses":111302,"minecraft:interact_with_crafting_table":37,"minecraft:open_barrel":3,"goblintraders:trade_with_goblin":37,"minecraft:leave_game":9,"minecraft:time_since_death":67547,"minecraft:time_since_rest":67049,"minecraft:sprint_one_cm":42287,"minecraft:damage_taken":2631,"minecraft:walk_one_cm":238054,"minecraft:damage_blocked_by_shield":10,"minecraft:drop":57,"minecraft:damage_dealt":2593,"minecraft:swim_one_cm":31973,"minecraft:fly_one_cm":100295,"minecraft:player_kills":1,"minecraft:open_chest":10,"minecraft:crouch_one_cm":1170,"minecraft:play_time":111570,"tombstone:undead_killed":5,"minecraft:deaths":8,"minecraft:sneak_time":1812,"minecraft:walk_under_water_one_cm":34932,"minecraft:jump":840,"minecraft:walk_on_water_one_cm":27263,"minecraft:total_world_time":111570,"minecraft:fall_one_cm":20127},"minecraft:killed":{"minecraft:spider":2,"minecraft:cod":7,"alexsmobs:tasmanian_devil":2,"alexsmobs:seagull":1,"minecraft:creeper":1,"minecraft:skeleton":1,"minecraft:zombie":2,"minecraft:drowned":2,"alexsmobs:flying_fish":6},"minecraft:killed_by":{"alexsmobs:tasmanian_devil":2,"minecraft:skeleton":2,"minecraft:zombie":1},"minecraft:picked_up":{"minecraft:wooden_axe":1,"minecraft:birch_log":11,"minecraft:andesite":88,"minecraft:golden_pickaxe":1,"minecraft:tuff":2,"minecraft:oak_log":13,"minecraft:gunpowder":1,"improvableskills:scroll_creative":1,"skilltree:gem":36,"minecraft:string":4,"minecraft:kelp":108,"minecraft:cobbled_deepslate":353,"minecraft:raw_gold":31,"minecraft:stone_pickaxe":2,"minecraft:cobblestone_slab":54,"minecraft:iron_pickaxe":1,"ironfurnaces:iron_furnace":2,"minecraft:raw_iron":54,"minecraft:torch":4,"tombstone:grave_dust":2,"minecraft:stone_sword":2,"minecraft:arrow":4,"minecraft:rotten_flesh":2,"minecraft:diamond":54,"minecraft:stone_axe":2,"improvableskills:skills_book":2,"minecraft:red_tulip":1,"minecraft:granite":69,"minecraft:bone_meal":1,"minecraft:cod":7,"minecraft:coal":51,"alexsmobs:flying_fish":5,"minecraft:cobblestone":1548},"minecraft:broken":{"minecraft:stone_pickaxe":7,"minecraft:golden_pickaxe":1,"minecraft:wooden_pickaxe":1},"minecraft:dropped":{"minecraft:stone_axe":2,"minecraft:stone_sword":3,"minecraft:golden_pickaxe":1,"minecraft:rotten_flesh":2,"minecraft:cobblestone":757,"improvableskills:skills_book":1,"enigmaticlegacy:cursed_ring":1,"minecraft:stick":1,"minecraft:emerald":28,"minecraft:cobblestone_slab":108,"minecraft:andesite":84,"alexsmobs:flying_fish":1,"skilltree:gem":6,"minecraft:cooked_cod":3,"tombstone:grave_dust":1,"minecraft:bone_meal":1,"minecraft:dried_kelp":7,"minecraft:stone_pickaxe":4,"minecraft:string":2,"enigmaticlegacy:enigmatic_amulet":1},"minecraft:crafted":{"minecraft:cooked_cod":7,"minecraft:oak_planks":56,"minecraft:cobblestone_slab":54,"minecraft:coal":2,"minecraft:emerald":28,"ironfurnaces:gold_furnace":2,"minecraft:crafting_table":3,"minecraft:dried_kelp":60,"minecraft:wooden_pickaxe":1,"minecraft:iron_helmet":1,"minecraft:iron_sword":1,"minecraft:furnace":2,"minecraft:gold_block":2,"minecraft:birch_planks":48,"minecraft:stone_axe":1,"minecraft:air":0,"minecraft:iron_boots":1,"minecraft:iron_chestplate":1,"minecraft:shield":1,"minecraft:iron_axe":1,"minecraft:stick":68,"minecraft:iron_ingot":58,"minecraft:stone_pickaxe":12,"minecraft:wooden_axe":1,"minecraft:stone_sword":1,"minecraft:iron_leggings":1,"minecraft:gold_ingot":32,"minecraft:torch":20,"alexsmobs:flying_fish_boots":1},"minecraft:mined":{"minecraft:tuff":2,"minecraft:deepslate_diamond_ore":54,"minecraft:kelp_plant":26,"ironfurnaces:iron_furnace":1,"minecraft:torch":3,"minecraft:granite":59,"minecraft:cobblestone":2,"minecraft:deepslate_gold_ore":12,"minecraft:kelp":2,"minecraft:diorite":15,"minecraft:seagrass":7,"minecraft:tall_seagrass":5,"minecraft:birch_log":9,"minecraft:iron_ore":51,"minecraft:birch_leaves":2,"minecraft:andesite":116,"minecraft:deepslate_iron_ore":3,"minecraft:oak_log":10,"minecraft:coal_ore":51,"minecraft:dirt":4,"minecraft:stone":917,"minecraft:gold_ore":16,"minecraft:deepslate":418}},"DataVersion":3465}