{"stats":{"minecraft:used":{"ironfurnaces:gold_furnace":2,"minecraft:stone_sword":40,"minecraft:dried_kelp":44,"minecraft:chest":3,"minecraft:shield":8,"minecraft:iron_sword":79,"minecraft:cooked_chicken":1,"minecraft:iron_chestplate":1,"minecraft:torch":28,"minecraft:dirt":12,"minecraft:wooden_axe":37,"minecraft:iron_axe":90,"minecraft:iron_helmet":1,"minecraft:iron_boots":1,"minecraft:furnace":4,"minecraft:cooked_cod":4,"tombstone:gift":2,"minecraft:iron_leggings":1,"minecraft:birch_planks":38,"minecraft:stone_pickaxe":1486,"minecraft:oak_planks":37,"alexsmobs:flying_fish_boots":1,"minecraft:wooden_pickaxe":59,"minecraft:crafting_table":4,"minecraft:iron_pickaxe":205,"minecraft:stone_axe":1,"minecraft:cobblestone":43,"minecraft:cooked_porkchop":6,"minecraft:golden_pickaxe":32},"minecraft:custom":{"enigmaticlegacy:play_time_with_seven_curses":0,"minecraft:mob_kills":58,"minecraft:interact_with_crafting_table":41,"minecraft:open_barrel":3,"goblintraders:trade_with_goblin":37,"minecraft:leave_game":9,"minecraft:time_since_death":10461,"minecraft:sprint_one_cm":121700,"minecraft:walk_one_cm":343278,"minecraft:damage_blocked_by_shield":240,"minecraft:drop":88,"minecraft:sneak_time":3311,"minecraft:play_time":147570,"minecraft:deaths":13,"minecraft:walk_under_water_one_cm":36538,"minecraft:jump":1538,"minecraft:walk_on_water_one_cm":27779,"minecraft:total_world_time":147570,"minecraft:interact_with_furnace":60,"enigmaticlegacy:play_time_without_seven_curses":147033,"minecraft:time_since_rest":10258,"minecraft:damage_taken":4628,"minecraft:damage_dealt":7778,"minecraft:swim_one_cm":31973,"minecraft:fly_one_cm":202723,"minecraft:player_kills":1,"minecraft:open_chest":16,"minecraft:crouch_one_cm":3950,"tombstone:undead_killed":16,"minecraft:fall_one_cm":29086},"minecraft:killed":{"minecraft:spider":5,"minecraft:cod":7,"alexsmobs:tasmanian_devil":2,"alexsmobs:seagull":1,"minecraft:skeleton":7,"minecraft:chicken":4,"minecraft:drowned":2,"alexsmobs:flying_fish":6,"minecraft:pig":5,"alexsmobs:grizzly_bear":2,"minecraft:creeper":1,"minecraft:sheep":4,"minecraft:zombie":7,"minecraft:enderman":1},"minecraft:killed_by":{"minecraft:creeper":1,"minecraft:spider":1,"alexsmobs:tasmanian_devil":2,"minecraft:skeleton":2,"minecraft:zombie":1,"alexsmobs:grizzly_bear":2},"minecraft:picked_up":{"minecraft:wooden_axe":1,"minecraft:chicken":4,"minecraft:golden_pickaxe":1,"minecraft:string":8,"minecraft:cobbled_deepslate":354,"minecraft:cobblestone_slab":54,"minecraft:poppy":2,"minecraft:iron_pickaxe":1,"minecraft:chest":1,"minecraft:furnace":1,"minecraft:egg":6,"minecraft:stick":3,"minecraft:raw_iron":54,"minecraft:torch":6,"minecraft:porkchop":11,"tombstone:grave_dust":6,"minecraft:arrow":15,"minecraft:stone_sword":2,"minecraft:rotten_flesh":9,"minecraft:red_tulip":1,"minecraft:mutton":7,"minecraft:white_wool":3,"minecraft:cod":7,"alexsmobs:flying_fish":5,"minecraft:cobblestone":1563,"minecraft:birch_log":11,"minecraft:feather":2,"minecraft:andesite":88,"minecraft:brown_wool":1,"minecraft:birch_planks":8,"alexsmobs:bear_fur":1,"minecraft:tuff":2,"minecraft:oak_log":55,"minecraft:gunpowder":1,"improvableskills:scroll_creative":1,"skilltree:gem":63,"minecraft:dirt":56,"minecraft:bone":5,"minecraft:kelp":108,"minecraft:bow":1,"minecraft:wheat_seeds":3,"minecraft:raw_gold":31,"minecraft:stone_pickaxe":2,"minecraft:iron_sword":1,"minecraft:oak_planks":2,"ironfurnaces:iron_furnace":2,"minecraft:grass_block":1,"minecraft:spider_eye":1,"minecraft:diamond":108,"minecraft:stone_axe":2,"improvableskills:skills_book":2,"minecraft:granite":69,"minecraft:bone_meal":1,"minecraft:oak_sapling":15,"minecraft:coal":64,"minecraft:ender_pearl":1},"minecraft:broken":{"minecraft:wooden_pickaxe":1,"minecraft:stone_pickaxe":7,"minecraft:golden_pickaxe":1},"minecraft:dropped":{"minecraft:golden_pickaxe":1,"minecraft:cobblestone":757,"minecraft:stick":1,"minecraft:emerald":28,"minecraft:dirt":9,"minecraft:cooked_cod":3,"alexsmobs:flying_fish":1,"skilltree:gem":6,"tombstone:grave_dust":5,"minecraft:dried_kelp":16,"minecraft:bone_meal":1,"minecraft:string":2,"minecraft:stone_axe":2,"minecraft:stone_sword":3,"minecraft:cobbled_deepslate":318,"minecraft:tuff":2,"tombstone:gift":2,"minecraft:rotten_flesh":6,"improvableskills:skills_book":1,"enigmaticlegacy:cursed_ring":1,"minecraft:cobblestone_slab":108,"minecraft:andesite":84,"minecraft:oak_sapling":15,"minecraft:spider_eye":1,"minecraft:stone_pickaxe":4,"enigmaticlegacy:enigmatic_amulet":1,"minecraft:egg":3},"minecraft:crafted":{"minecraft:oak_planks":120,"minecraft:cobblestone_slab":54,"minecraft:coal":2,"ironfurnaces:gold_furnace":2,"minecraft:cooked_chicken":3,"minecraft:furnace":3,"minecraft:iron_boots":1,"minecraft:iron_axe":1,"minecraft:stone_pickaxe":12,"minecraft:chest":2,"alexsmobs:flying_fish_boots":1,"minecraft:cooked_cod":7,"minecraft:cooked_porkchop":11,"minecraft:emerald":28,"minecraft:crafting_table":4,"minecraft:dried_kelp":60,"minecraft:wooden_pickaxe":1,"minecraft:iron_helmet":1,"minecraft:iron_sword":1,"minecraft:gold_block":2,"minecraft:birch_planks":48,"minecraft:stone_axe":1,"minecraft:air":0,"minecraft:iron_chestplate":1,"minecraft:shield":1,"minecraft:stick":68,"minecraft:iron_ingot":58,"minecraft:wooden_axe":1,"minecraft:stone_sword":1,"minecraft:gold_ingot":32,"minecraft:iron_leggings":1,"minecraft:torch":40},"minecraft:mined":{"minecraft:tuff":2,"minecraft:deepslate_diamond_ore":54,"minecraft:granite":59,"minecraft:grass_block":2,"minecraft:kelp":2,"minecraft:tall_seagrass":5,"minecraft:furnace":1,"minecraft:iron_ore":51,"minecraft:cobbled_deepslate":1,"minecraft:andesite":116,"minecraft:deepslate_iron_ore":3,"minecraft:stone":924,"minecraft:kelp_plant":26,"ironfurnaces:iron_furnace":1,"minecraft:torch":3,"minecraft:cobblestone":5,"minecraft:deepslate_gold_ore":12,"minecraft:oak_planks":2,"minecraft:diorite":15,"minecraft:wall_torch":1,"minecraft:seagrass":7,"minecraft:birch_planks":5,"minecraft:birch_log":9,"minecraft:birch_leaves":2,"minecraft:grass":7,"minecraft:coal_ore":59,"minecraft:oak_log":32,"minecraft:dirt":4,"minecraft:gold_ore":16,"minecraft:oak_leaves":48,"minecraft:deepslate":418}},"DataVersion":3465}