{"stats":{"minecraft:custom":{"minecraft:jump":19,"minecraft:time_since_rest":9539,"enigmaticlegacy:play_time_with_seven_curses":0,"minecraft:crouch_one_cm":93,"minecraft:leave_game":1,"minecraft:sprint_one_cm":1249,"minecraft:play_time":9539,"minecraft:damage_taken":25,"minecraft:time_since_death":9539,"minecraft:walk_one_cm":9183,"minecraft:sneak_time":179,"enigmaticlegacy:play_time_without_seven_curses":9539,"minecraft:total_world_time":9539,"minecraft:fall_one_cm":685,"minecraft:fly_one_cm":1790}},"DataVersion":3465}