{"stats":{"minecraft:killed_by":{"alexsmobs:tasmanian_devil":2,"minecraft:skeleton":1,"minecraft:zombie":1},"minecraft:dropped":{"enigmaticlegacy:enigmatic_amulet":1,"enigmaticlegacy:cursed_ring":1},"minecraft:custom":{"minecraft:time_since_rest":942,"tombstone:undead_killed":1,"enigmaticlegacy:play_time_with_seven_curses":0,"minecraft:play_time":13896,"minecraft:crouch_one_cm":354,"minecraft:sprint_one_cm":3304,"minecraft:damage_taken":1225,"minecraft:deaths":5,"minecraft:walk_one_cm":49532,"minecraft:sneak_time":170,"minecraft:mob_kills":5,"minecraft:drop":2,"minecraft:jump":125,"minecraft:damage_dealt":751,"minecraft:leave_game":3,"minecraft:time_since_death":1588,"enigmaticlegacy:play_time_without_seven_curses":13720,"minecraft:total_world_time":13896,"minecraft:interact_with_crafting_table":1,"minecraft:fall_one_cm":1373,"minecraft:fly_one_cm":4848},"minecraft:mined":{"minecraft:birch_log":9,"minecraft:birch_leaves":2,"minecraft:oak_log":10},"minecraft:picked_up":{"minecraft:wooden_axe":1,"minecraft:birch_log":11,"improvableskills:skills_book":2,"minecraft:oak_log":13,"tombstone:grave_dust":1,"improvableskills:scroll_creative":1,"minecraft:string":4},"minecraft:killed":{"minecraft:spider":2,"minecraft:zombie":1,"alexsmobs:tasmanian_devil":2},"minecraft:used":{"minecraft:wooden_axe":33,"minecraft:dirt":9,"tombstone:gift":2}},"DataVersion":3465}