{"stats":{"minecraft:custom":{"minecraft:time_since_rest":4061,"enigmaticlegacy:play_time_with_seven_curses":0,"minecraft:crouch_one_cm":3,"minecraft:play_time":4061,"minecraft:sprint_one_cm":14924,"minecraft:damage_taken":235,"minecraft:walk_one_cm":15374,"minecraft:sneak_time":68,"minecraft:drop":4,"minecraft:jump":100,"minecraft:damage_dealt":195,"minecraft:time_since_death":4061,"enigmaticlegacy:play_time_without_seven_curses":4061,"minecraft:total_world_time":4061,"minecraft:fall_one_cm":1805,"minecraft:fly_one_cm":14163},"minecraft:used":{"minecraft:dirt":1},"minecraft:mined":{"minecraft:grass":5,"minecraft:acacia_log":9,"minecraft:grass_block":1,"cyclic:flower_lime_carnation":1},"minecraft:dropped":{"improvableskills:skills_book":1,"alexsmobs:animal_dictionary":1,"enigmaticlegacy:enigmatic_amulet":1,"enigmaticlegacy:cursed_ring":1},"minecraft:crafted":{"minecraft:acacia_planks":36},"minecraft:picked_up":{"cyclic:flower_lime_carnation":1,"improvableskills:skills_book":1,"alexsmobs:emu_feather":2,"minecraft:acacia_log":9,"sophisticatedbackpacks:iron_backpack":1,"improvableskills:scroll_creative":1,"minecraft:dirt":1}},"DataVersion":3465}