{"stats":{"minecraft:used":{"ironfurnaces:gold_furnace":2,"minecraft:stone_sword":40,"minecraft:dried_kelp":44,"minecraft:chest":2,"minecraft:shield":8,"minecraft:iron_sword":57,"minecraft:cooked_chicken":1,"minecraft:iron_chestplate":1,"minecraft:torch":27,"minecraft:dirt":12,"minecraft:wooden_axe":37,"minecraft:iron_axe":72,"minecraft:iron_helmet":1,"minecraft:iron_boots":1,"minecraft:furnace":3,"minecraft:cooked_cod":4,"tombstone:gift":2,"minecraft:iron_leggings":1,"minecraft:birch_planks":35,"minecraft:stone_pickaxe":1486,"minecraft:oak_planks":1,"alexsmobs:flying_fish_boots":1,"minecraft:wooden_pickaxe":59,"minecraft:crafting_table":4,"minecraft:iron_pickaxe":205,"minecraft:stone_axe":1,"minecraft:cobblestone":43,"minecraft:cooked_porkchop":1,"minecraft:golden_pickaxe":32},"minecraft:custom":{"enigmaticlegacy:play_time_with_seven_curses":0,"minecraft:mob_kills":42,"minecraft:interact_with_crafting_table":41,"minecraft:open_barrel":3,"goblintraders:trade_with_goblin":37,"minecraft:leave_game":9,"minecraft:time_since_death":8613,"minecraft:sprint_one_cm":83016,"minecraft:walk_one_cm":305957,"minecraft:damage_blocked_by_shield":240,"minecraft:drop":84,"minecraft:sneak_time":2321,"minecraft:play_time":135570,"minecraft:deaths":12,"minecraft:walk_under_water_one_cm":36538,"minecraft:jump":1228,"minecraft:walk_on_water_one_cm":27779,"minecraft:total_world_time":135570,"minecraft:interact_with_furnace":58,"enigmaticlegacy:play_time_without_seven_curses":135148,"minecraft:time_since_rest":8432,"minecraft:damage_taken":3808,"minecraft:damage_dealt":5751,"minecraft:swim_one_cm":31973,"minecraft:fly_one_cm":161304,"minecraft:player_kills":1,"minecraft:open_chest":12,"minecraft:crouch_one_cm":1729,"tombstone:undead_killed":12,"minecraft:fall_one_cm":26124},"minecraft:killed":{"minecraft:spider":3,"minecraft:cod":7,"alexsmobs:tasmanian_devil":2,"alexsmobs:seagull":1,"minecraft:skeleton":4,"minecraft:chicken":3,"minecraft:drowned":2,"alexsmobs:flying_fish":6,"minecraft:pig":5,"alexsmobs:grizzly_bear":2,"minecraft:creeper":1,"minecraft:zombie":6},"minecraft:killed_by":{"minecraft:spider":1,"alexsmobs:tasmanian_devil":2,"minecraft:skeleton":2,"minecraft:zombie":1,"alexsmobs:grizzly_bear":2},"minecraft:picked_up":{"minecraft:wooden_axe":1,"minecraft:chicken":3,"minecraft:golden_pickaxe":1,"minecraft:string":5,"minecraft:cobbled_deepslate":354,"minecraft:cobblestone_slab":54,"minecraft:iron_pickaxe":1,"minecraft:furnace":1,"minecraft:egg":3,"minecraft:stick":3,"minecraft:raw_iron":54,"minecraft:torch":6,"minecraft:porkchop":11,"tombstone:grave_dust":6,"minecraft:arrow":9,"minecraft:stone_sword":2,"minecraft:rotten_flesh":5,"minecraft:red_tulip":1,"minecraft:cod":7,"alexsmobs:flying_fish":5,"minecraft:cobblestone":1556,"minecraft:birch_log":11,"minecraft:feather":1,"minecraft:andesite":88,"minecraft:birch_planks":2,"alexsmobs:bear_fur":1,"minecraft:tuff":2,"minecraft:oak_log":55,"minecraft:gunpowder":1,"improvableskills:scroll_creative":1,"skilltree:gem":39,"minecraft:dirt":20,"minecraft:bone":2,"minecraft:kelp":108,"minecraft:bow":1,"minecraft:wheat_seeds":1,"minecraft:raw_gold":31,"minecraft:stone_pickaxe":2,"ironfurnaces:iron_furnace":2,"minecraft:diamond":108,"minecraft:stone_axe":2,"improvableskills:skills_book":2,"minecraft:granite":69,"minecraft:bone_meal":1,"minecraft:oak_sapling":15,"minecraft:coal":64},"minecraft:broken":{"minecraft:wooden_pickaxe":1,"minecraft:stone_pickaxe":7,"minecraft:golden_pickaxe":1},"minecraft:dropped":{"minecraft:golden_pickaxe":1,"minecraft:cobblestone":757,"minecraft:stick":1,"minecraft:emerald":28,"minecraft:dirt":9,"minecraft:cooked_cod":3,"alexsmobs:flying_fish":1,"skilltree:gem":6,"tombstone:grave_dust":5,"minecraft:dried_kelp":16,"minecraft:bone_meal":1,"minecraft:string":2,"minecraft:stone_axe":2,"minecraft:stone_sword":3,"minecraft:cobbled_deepslate":318,"minecraft:tuff":2,"tombstone:gift":2,"minecraft:rotten_flesh":5,"improvableskills:skills_book":1,"enigmaticlegacy:cursed_ring":1,"minecraft:cobblestone_slab":108,"minecraft:andesite":84,"minecraft:oak_sapling":8,"minecraft:stone_pickaxe":4,"enigmaticlegacy:enigmatic_amulet":1},"minecraft:crafted":{"minecraft:oak_planks":120,"minecraft:cobblestone_slab":54,"minecraft:coal":2,"ironfurnaces:gold_furnace":2,"minecraft:cooked_chicken":3,"minecraft:furnace":3,"minecraft:iron_boots":1,"minecraft:iron_axe":1,"minecraft:stone_pickaxe":12,"minecraft:chest":2,"alexsmobs:flying_fish_boots":1,"minecraft:cooked_cod":7,"minecraft:cooked_porkchop":11,"minecraft:emerald":28,"minecraft:crafting_table":4,"minecraft:dried_kelp":60,"minecraft:wooden_pickaxe":1,"minecraft:iron_helmet":1,"minecraft:iron_sword":1,"minecraft:gold_block":2,"minecraft:birch_planks":48,"minecraft:stone_axe":1,"minecraft:air":0,"minecraft:iron_chestplate":1,"minecraft:shield":1,"minecraft:stick":68,"minecraft:iron_ingot":58,"minecraft:wooden_axe":1,"minecraft:stone_sword":1,"minecraft:gold_ingot":32,"minecraft:iron_leggings":1,"minecraft:torch":40},"minecraft:mined":{"minecraft:tuff":2,"minecraft:deepslate_diamond_ore":54,"minecraft:granite":59,"minecraft:grass_block":2,"minecraft:kelp":2,"minecraft:tall_seagrass":5,"minecraft:furnace":1,"minecraft:iron_ore":51,"minecraft:cobbled_deepslate":1,"minecraft:andesite":116,"minecraft:deepslate_iron_ore":3,"minecraft:stone":924,"minecraft:kelp_plant":26,"ironfurnaces:iron_furnace":1,"minecraft:torch":3,"minecraft:cobblestone":5,"minecraft:deepslate_gold_ore":12,"minecraft:diorite":15,"minecraft:wall_torch":1,"minecraft:seagrass":7,"minecraft:birch_planks":2,"minecraft:birch_log":9,"minecraft:birch_leaves":2,"minecraft:grass":3,"minecraft:coal_ore":59,"minecraft:oak_log":32,"minecraft:dirt":4,"minecraft:gold_ore":16,"minecraft:oak_leaves":48,"minecraft:deepslate":418}},"DataVersion":3465}