{"stats":{"minecraft:dropped":{"enigmaticlegacy:enigmatic_amulet":1,"enigmaticlegacy:cursed_ring":1},"minecraft:custom":{"minecraft:jump":41,"minecraft:time_since_rest":16,"enigmaticlegacy:play_time_with_seven_curses":0,"minecraft:deaths":1,"minecraft:damage_dealt":65,"minecraft:leave_game":2,"minecraft:play_time":4237,"minecraft:sprint_one_cm":1634,"minecraft:damage_taken":115,"minecraft:time_since_death":426,"minecraft:walk_one_cm":11688,"minecraft:sneak_time":90,"enigmaticlegacy:play_time_without_seven_curses":4194,"minecraft:total_world_time":4237,"minecraft:drop":2,"minecraft:fall_one_cm":752,"minecraft:fly_one_cm":458},"minecraft:picked_up":{"improvableskills:scroll_creative":1,"improvableskills:skills_book":1}},"DataVersion":3465}