{"stats":{"minecraft:used":{"minecraft:stone_sword":9,"minecraft:stone_pickaxe":44,"minecraft:chest":1,"minecraft:iron_sword":23,"minecraft:torch":32,"minecraft:crafting_table":2,"minecraft:granite":5,"minecraft:iron_pickaxe":115,"minecraft:gravel":1,"minecraft:stone_axe":2,"minecraft:furnace":1,"tombstone:gift":2,"alexsmobs:animal_dictionary":1,"minecraft:cooked_beef":5,"minecraft:cobbled_deepslate":16},"minecraft:custom":{"enigmaticlegacy:play_time_with_seven_curses":0,"minecraft:interact_with_furnace":5,"minecraft:mob_kills":11,"enigmaticlegacy:play_time_without_seven_curses":38941,"minecraft:interact_with_crafting_table":8,"minecraft:time_since_death":16940,"minecraft:time_since_rest":16853,"minecraft:sprint_one_cm":379,"minecraft:damage_taken":699,"minecraft:walk_one_cm":65232,"minecraft:drop":24,"minecraft:damage_dealt":1070,"minecraft:fly_one_cm":1986,"minecraft:open_chest":6,"minecraft:play_time":39001,"tombstone:undead_killed":1,"minecraft:deaths":1,"minecraft:sneak_time":154,"minecraft:walk_under_water_one_cm":8943,"minecraft:jump":256,"minecraft:walk_on_water_one_cm":6544,"minecraft:total_world_time":39001,"minecraft:fall_one_cm":6573},"minecraft:killed":{"minecraft:spider":1,"minecraft:zombie":1,"minecraft:silverfish":9},"minecraft:killed_by":{"minecraft:silverfish":1},"minecraft:picked_up":{"minecraft:iron_chestplate":2,"minecraft:crafting_table":1,"minecraft:cooked_beef":6,"minecraft:flint":1,"minecraft:oak_log":15,"improvableskills:scroll_creative":1,"skilltree:gem":11,"minecraft:lapis_lazuli":62,"minecraft:dirt":54,"minecraft:string":1,"tombstone:gift":1,"minecraft:iron_leggings":2,"minecraft:cobbled_deepslate":456,"minecraft:stone_pickaxe":1,"minecraft:poppy":2,"minecraft:iron_pickaxe":1,"minecraft:iron_boots":2,"minecraft:stick":47,"minecraft:raw_iron":10,"minecraft:torch":12,"minecraft:gravel":65,"minecraft:rotten_flesh":1,"minecraft:diamond":25,"minecraft:stone_axe":1,"improvableskills:skills_book":1,"minecraft:iron_helmet":2,"minecraft:granite":119,"minecraft:coal":20,"minecraft:cobblestone":740},"minecraft:broken":{"minecraft:iron_helmet":1},"minecraft:dropped":{"minecraft:gravel":64,"minecraft:cobbled_deepslate":199,"minecraft:diamond":1,"tombstone:gift":1,"minecraft:rotten_flesh":1,"minecraft:cobblestone":698,"minecraft:granite":64,"minecraft:flint":1,"minecraft:poppy":2,"minecraft:torch":1,"minecraft:string":1},"minecraft:crafted":{"minecraft:oak_planks":28,"minecraft:crafting_table":1,"minecraft:iron_sword":1,"minecraft:furnace":1,"minecraft:diamond_helmet":1,"minecraft:diamond_leggings":1,"minecraft:iron_ingot":9,"minecraft:iron_pickaxe":1,"minecraft:stone_pickaxe":1,"minecraft:stone_sword":1,"minecraft:diamond_boots":1,"minecraft:chest":1,"minecraft:torch":80,"minecraft:diamond_chestplate":1},"minecraft:mined":{"minecraft:infested_deepslate":2,"minecraft:deepslate_redstone_ore":7,"minecraft:tuff":2,"minecraft:torch":2,"minecraft:crafting_table":1,"minecraft:glow_lichen":1,"minecraft:cobblestone":1,"minecraft:deepslate_gold_ore":10,"minecraft:lapis_ore":6,"minecraft:wall_torch":3,"minecraft:iron_ore":6,"minecraft:cobbled_deepslate":2,"minecraft:birch_leaves":1,"minecraft:deepslate_lapis_ore":7,"minecraft:deepslate_iron_ore":5,"minecraft:gravel":2,"minecraft:cobweb":1,"minecraft:stone":13,"minecraft:deepslate":68}},"DataVersion":3465}