{"stats":{"minecraft:used":{"minecraft:stone_sword":9,"minecraft:stone_pickaxe":44,"minecraft:oak_planks":1,"minecraft:chest":1,"minecraft:iron_sword":146,"minecraft:torch":32,"minecraft:mutton":3,"minecraft:crafting_table":3,"minecraft:granite":5,"minecraft:iron_pickaxe":290,"minecraft:gravel":1,"minecraft:stone_axe":25,"minecraft:cobblestone":61,"minecraft:porkchop":6,"minecraft:furnace":2,"tombstone:gift":2,"alexsmobs:animal_dictionary":2,"minecraft:cooked_beef":6,"minecraft:cobbled_deepslate":39,"minecraft:cooked_mutton":2},"minecraft:custom":{"enigmaticlegacy:play_time_with_seven_curses":0,"minecraft:interact_with_furnace":23,"minecraft:mob_kills":46,"enigmaticlegacy:play_time_without_seven_curses":80941,"minecraft:interact_with_crafting_table":9,"minecraft:time_since_death":58940,"minecraft:time_since_rest":58853,"minecraft:sprint_one_cm":45194,"minecraft:damage_taken":1053,"minecraft:walk_one_cm":285914,"minecraft:drop":36,"minecraft:damage_dealt":5476,"minecraft:talked_to_villager":6,"minecraft:fly_one_cm":27978,"minecraft:open_chest":9,"minecraft:play_time":81001,"tombstone:undead_killed":4,"minecraft:deaths":1,"minecraft:sneak_time":253,"minecraft:walk_under_water_one_cm":8943,"minecraft:jump":846,"minecraft:walk_on_water_one_cm":17556,"minecraft:total_world_time":81001,"minecraft:fall_one_cm":19740},"minecraft:killed":{"minecraft:pig":10,"minecraft:spider":1,"minecraft:sheep":18,"minecraft:skeleton":3,"minecraft:zombie":1,"minecraft:chicken":2,"minecraft:silverfish":10,"artifacts:mimic":1},"minecraft:killed_by":{"minecraft:silverfish":1},"minecraft:picked_up":{"minecraft:birch_log":1,"cyclic:shield_obsidian":2,"minecraft:iron_chestplate":2,"minecraft:crafting_table":1,"minecraft:cooked_beef":6,"artifacts:thorn_pendant":1,"minecraft:flint":1,"minecraft:oak_log":17,"minecraft:yellow_bed":1,"improvableskills:scroll_creative":1,"skilltree:gem":16,"minecraft:lapis_lazuli":62,"minecraft:dirt":62,"minecraft:string":1,"tombstone:gift":1,"minecraft:iron_leggings":2,"minecraft:cooked_mutton":1,"minecraft:bone":1,"minecraft:activator_rail":3,"minecraft:cobbled_deepslate":480,"minecraft:stone_pickaxe":1,"minecraft:poppy":2,"minecraft:iron_pickaxe":1,"minecraft:powered_rail":12,"minecraft:oak_planks":22,"minecraft:iron_boots":2,"minecraft:stick":47,"minecraft:raw_iron":18,"minecraft:torch":14,"minecraft:gravel":65,"minecraft:porkchop":19,"tombstone:grave_dust":3,"minecraft:diorite":2,"minecraft:redstone":17,"minecraft:barrel":1,"artifacts:lucky_scarf":1,"minecraft:rotten_flesh":1,"minecraft:diamond":25,"minecraft:stone_axe":1,"improvableskills:skills_book":1,"minecraft:iron_helmet":2,"minecraft:granite":124,"minecraft:bread":1,"minecraft:white_wool":12,"minecraft:bricks":1,"minecraft:mutton":25,"minecraft:coal":20,"minecraft:rail":19,"minecraft:cobblestone":950},"minecraft:broken":{"minecraft:iron_helmet":1},"minecraft:dropped":{"minecraft:gravel":64,"minecraft:cobbled_deepslate":200,"minecraft:diamond":1,"cyclic:shield_obsidian":1,"tombstone:gift":1,"minecraft:rotten_flesh":1,"minecraft:cobblestone":698,"minecraft:granite":64,"minecraft:activator_rail":3,"minecraft:flint":1,"minecraft:poppy":2,"artifacts:thorn_pendant":1,"minecraft:torch":1,"minecraft:mutton":6,"skilltree:gem":5,"tombstone:grave_dust":3,"minecraft:string":1,"minecraft:bone":1},"minecraft:crafted":{"minecraft:oak_planks":36,"minecraft:cooked_porkchop":12,"minecraft:crafting_table":2,"minecraft:iron_sword":1,"minecraft:furnace":2,"minecraft:birch_planks":4,"minecraft:cooked_mutton":6,"minecraft:diamond_helmet":1,"minecraft:diamond_leggings":1,"minecraft:iron_ingot":9,"minecraft:iron_pickaxe":1,"minecraft:stone_pickaxe":1,"minecraft:stone_sword":1,"minecraft:diamond_boots":1,"minecraft:chest":1,"minecraft:torch":80,"minecraft:diamond_chestplate":1},"minecraft:mined":{"minecraft:infested_deepslate":2,"minecraft:deepslate_redstone_ore":11,"minecraft:tuff":2,"minecraft:torch":2,"minecraft:crafting_table":1,"minecraft:glow_lichen":1,"minecraft:grass_block":4,"minecraft:cobblestone":1,"minecraft:deepslate_gold_ore":10,"minecraft:lapis_ore":6,"minecraft:oak_planks":18,"minecraft:bricks":1,"minecraft:diorite":2,"minecraft:wall_torch":4,"minecraft:birch_planks":1,"minecraft:wheat":9,"minecraft:iron_ore":6,"minecraft:cobbled_deepslate":2,"minecraft:birch_leaves":4,"minecraft:deepslate_lapis_ore":7,"minecraft:grass":5,"minecraft:oak_log":1,"minecraft:coal_ore":4,"minecraft:deepslate_iron_ore":13,"minecraft:gravel":2,"minecraft:dirt":4,"minecraft:cobweb":1,"minecraft:stone":143,"minecraft:fern":1,"minecraft:oak_leaves":2,"minecraft:deepslate":92}},"DataVersion":3465}