{"stats":{"minecraft:used":{"minecraft:stone_sword":9,"minecraft:stone_pickaxe":44,"minecraft:iron_pickaxe":46,"minecraft:iron_sword":23,"minecraft:gravel":1,"minecraft:stone_axe":2,"minecraft:torch":17,"minecraft:crafting_table":2,"minecraft:furnace":1,"alexsmobs:animal_dictionary":1,"minecraft:cooked_beef":3,"minecraft:granite":5},"minecraft:custom":{"minecraft:time_since_rest":4853,"enigmaticlegacy:play_time_with_seven_curses":0,"minecraft:interact_with_furnace":5,"minecraft:sprint_one_cm":348,"minecraft:damage_taken":471,"minecraft:walk_one_cm":48557,"minecraft:mob_kills":11,"minecraft:drop":16,"minecraft:damage_dealt":1070,"enigmaticlegacy:play_time_without_seven_curses":26941,"minecraft:interact_with_crafting_table":6,"minecraft:fly_one_cm":1940,"minecraft:open_chest":3,"minecraft:deaths":1,"minecraft:play_time":27001,"tombstone:undead_killed":1,"minecraft:sneak_time":110,"minecraft:walk_under_water_one_cm":8943,"minecraft:jump":199,"minecraft:time_since_death":4940,"minecraft:walk_on_water_one_cm":5619,"minecraft:total_world_time":27001,"minecraft:fall_one_cm":5635},"minecraft:killed":{"minecraft:zombie":1,"minecraft:silverfish":9,"minecraft:spider":1},"minecraft:killed_by":{"minecraft:silverfish":1},"minecraft:picked_up":{"minecraft:raw_iron":9,"minecraft:crafting_table":1,"minecraft:stick":47,"minecraft:iron_chestplate":2,"minecraft:cooked_beef":6,"minecraft:torch":5,"minecraft:gravel":65,"minecraft:flint":1,"minecraft:oak_log":15,"improvableskills:scroll_creative":1,"minecraft:string":1,"minecraft:lapis_lazuli":45,"skilltree:gem":7,"minecraft:dirt":54,"minecraft:iron_leggings":2,"minecraft:rotten_flesh":1,"minecraft:stone_axe":1,"improvableskills:skills_book":1,"minecraft:cobbled_deepslate":28,"minecraft:iron_helmet":2,"minecraft:granite":119,"minecraft:stone_pickaxe":1,"minecraft:poppy":2,"minecraft:coal":20,"minecraft:iron_boots":2,"minecraft:cobblestone":677},"minecraft:dropped":{"minecraft:gravel":64,"minecraft:poppy":2,"minecraft:cobbled_deepslate":7,"minecraft:cobblestone":576,"minecraft:rotten_flesh":1,"minecraft:granite":64,"minecraft:string":1,"minecraft:flint":1},"minecraft:crafted":{"minecraft:oak_planks":20,"minecraft:crafting_table":1,"minecraft:iron_pickaxe":1,"minecraft:iron_ingot":9,"minecraft:stone_pickaxe":1,"minecraft:iron_sword":1,"minecraft:stone_sword":1,"minecraft:furnace":1,"minecraft:torch":80},"minecraft:mined":{"minecraft:iron_ore":6,"minecraft:birch_leaves":1,"minecraft:deepslate_lapis_ore":2,"minecraft:glow_lichen":1,"minecraft:crafting_table":1,"minecraft:deepslate_iron_ore":3,"minecraft:gravel":2,"minecraft:cobweb":1,"minecraft:lapis_ore":6,"minecraft:stone":13,"minecraft:deepslate":28,"minecraft:wall_torch":1,"minecraft:infested_deepslate":2}},"DataVersion":3465}