{"stats":{"minecraft:used":{"minecraft:stone_sword":7,"minecraft:stone_pickaxe":24,"minecraft:gravel":1,"minecraft:stone_axe":2,"minecraft:torch":10,"minecraft:crafting_table":1,"alexsmobs:animal_dictionary":1,"minecraft:cooked_beef":2},"minecraft:custom":{"minecraft:time_since_rest":15001,"enigmaticlegacy:play_time_with_seven_curses":0,"minecraft:interact_with_furnace":3,"minecraft:sprint_one_cm":273,"minecraft:damage_taken":178,"minecraft:walk_one_cm":24254,"minecraft:mob_kills":2,"minecraft:drop":10,"minecraft:damage_dealt":284,"enigmaticlegacy:play_time_without_seven_curses":15001,"minecraft:interact_with_crafting_table":3,"minecraft:fly_one_cm":885,"minecraft:open_chest":3,"minecraft:play_time":15001,"tombstone:undead_killed":1,"minecraft:walk_under_water_one_cm":8943,"minecraft:jump":78,"minecraft:time_since_death":15001,"minecraft:walk_on_water_one_cm":5619,"minecraft:total_world_time":15001,"minecraft:fall_one_cm":4290},"minecraft:killed":{"minecraft:zombie":1,"minecraft:spider":1},"minecraft:picked_up":{"minecraft:raw_iron":4,"minecraft:crafting_table":1,"minecraft:stick":47,"minecraft:iron_chestplate":2,"minecraft:cooked_beef":6,"minecraft:torch":3,"minecraft:gravel":65,"minecraft:flint":1,"minecraft:oak_log":15,"improvableskills:scroll_creative":1,"minecraft:string":1,"minecraft:lapis_lazuli":34,"skilltree:gem":5,"minecraft:dirt":54,"minecraft:iron_leggings":2,"minecraft:rotten_flesh":1,"minecraft:stone_axe":1,"improvableskills:skills_book":1,"minecraft:iron_helmet":2,"minecraft:granite":119,"minecraft:stone_pickaxe":1,"minecraft:poppy":2,"minecraft:coal":20,"minecraft:iron_boots":2,"minecraft:cobblestone":677},"minecraft:dropped":{"minecraft:cobblestone":576,"minecraft:granite":64},"minecraft:crafted":{"minecraft:oak_planks":20,"minecraft:crafting_table":1,"minecraft:stone_pickaxe":1,"minecraft:stone_sword":1,"minecraft:torch":80},"minecraft:mined":{"minecraft:iron_ore":4,"minecraft:crafting_table":1,"minecraft:gravel":2,"minecraft:cobweb":1,"minecraft:lapis_ore":6,"minecraft:stone":13}},"DataVersion":3465}