{"stats":{"minecraft:used":{"minecraft:stone_sword":9,"minecraft:stone_pickaxe":44,"minecraft:oak_planks":1,"minecraft:chest":1,"minecraft:iron_sword":251,"minecraft:torch":37,"minecraft:mutton":3,"minecraft:crafting_table":3,"minecraft:granite":5,"minecraft:bread":1,"minecraft:iron_pickaxe":292,"minecraft:gravel":1,"minecraft:stone_axe":30,"minecraft:cobblestone":61,"minecraft:cooked_porkchop":2,"minecraft:porkchop":6,"minecraft:furnace":2,"tombstone:gift":2,"alexsmobs:animal_dictionary":2,"minecraft:cooked_beef":6,"minecraft:cobbled_deepslate":39,"minecraft:cooked_mutton":7},"minecraft:custom":{"enigmaticlegacy:play_time_with_seven_curses":0,"minecraft:interact_with_furnace":29,"minecraft:mob_kills":74,"enigmaticlegacy:play_time_without_seven_curses":103563,"minecraft:interact_with_crafting_table":10,"minecraft:leave_game":1,"minecraft:time_since_death":18517,"minecraft:time_since_rest":18162,"minecraft:sprint_one_cm":57090,"minecraft:damage_taken":2088,"minecraft:walk_one_cm":394306,"minecraft:drop":45,"minecraft:damage_dealt":9667,"minecraft:talked_to_villager":7,"minecraft:fly_one_cm":49148,"minecraft:open_chest":9,"minecraft:play_time":103658,"tombstone:undead_killed":20,"minecraft:deaths":2,"minecraft:sneak_time":259,"minecraft:walk_under_water_one_cm":9528,"minecraft:jump":1071,"minecraft:enchant_item":1,"minecraft:walk_on_water_one_cm":21254,"minecraft:total_world_time":103658,"minecraft:fall_one_cm":26942},"minecraft:killed":{"minecraft:pig":10,"minecraft:spider":6,"minecraft:sheep":18,"minecraft:skeleton":7,"minecraft:zombie":13,"minecraft:chicken":9,"minecraft:silverfish":10,"artifacts:mimic":1},"minecraft:killed_by":{"minecraft:player":1,"minecraft:silverfish":1},"minecraft:picked_up":{"minecraft:birch_log":1,"cyclic:shield_obsidian":2,"minecraft:iron_chestplate":2,"minecraft:crafting_table":1,"minecraft:wheat":1,"minecraft:cooked_beef":6,"minecraft:chicken":7,"artifacts:thorn_pendant":1,"minecraft:flint":1,"minecraft:oak_log":17,"minecraft:yellow_bed":1,"improvableskills:scroll_creative":1,"skilltree:gem":16,"minecraft:lapis_lazuli":62,"minecraft:dirt":62,"minecraft:string":3,"tombstone:gift":1,"minecraft:iron_leggings":2,"minecraft:cooked_mutton":1,"minecraft:bone":6,"minecraft:stone_bricks":1,"minecraft:activator_rail":3,"minecraft:wheat_seeds":5,"minecraft:cobbled_deepslate":480,"minecraft:stone_pickaxe":1,"minecraft:poppy":2,"minecraft:iron_pickaxe":1,"minecraft:powered_rail":12,"minecraft:oak_planks":22,"minecraft:iron_boots":2,"minecraft:stick":47,"minecraft:raw_iron":18,"minecraft:torch":14,"minecraft:gravel":65,"minecraft:porkchop":19,"tombstone:grave_dust":3,"minecraft:diorite":2,"minecraft:redstone":17,"minecraft:spruce_door":1,"minecraft:barrel":1,"minecraft:arrow":5,"artifacts:lucky_scarf":1,"minecraft:rotten_flesh":1,"minecraft:diamond":25,"minecraft:stone_axe":1,"improvableskills:skills_book":1,"minecraft:iron_helmet":2,"minecraft:granite":124,"minecraft:bread":1,"minecraft:white_wool":12,"minecraft:bricks":1,"minecraft:mutton":25,"minecraft:coal":20,"minecraft:rail":19,"minecraft:cobblestone":950},"minecraft:broken":{"minecraft:iron_helmet":1},"minecraft:dropped":{"minecraft:gravel":64,"minecraft:cobbled_deepslate":200,"minecraft:diamond":1,"cyclic:shield_obsidian":1,"minecraft:cooked_porkchop":6,"tombstone:gift":1,"minecraft:rotten_flesh":1,"minecraft:cobblestone":762,"minecraft:granite":64,"minecraft:cooked_mutton":6,"minecraft:activator_rail":3,"minecraft:flint":1,"minecraft:diamond_sword":1,"minecraft:poppy":2,"minecraft:dirt":62,"artifacts:thorn_pendant":1,"minecraft:diorite":2,"minecraft:torch":1,"minecraft:mutton":6,"skilltree:gem":6,"tombstone:grave_dust":3,"minecraft:barrel":1,"minecraft:string":3,"minecraft:bone":1},"minecraft:crafted":{"minecraft:oak_planks":36,"minecraft:cooked_porkchop":12,"minecraft:crafting_table":2,"minecraft:iron_sword":1,"minecraft:furnace":2,"minecraft:birch_planks":4,"minecraft:cooked_mutton":15,"minecraft:diamond_helmet":1,"minecraft:diamond_leggings":1,"minecraft:iron_ingot":9,"minecraft:iron_pickaxe":1,"minecraft:stone_pickaxe":1,"minecraft:stone_sword":1,"minecraft:diamond_boots":1,"minecraft:chest":1,"minecraft:torch":80,"minecraft:diamond_chestplate":1},"minecraft:mined":{"minecraft:infested_deepslate":2,"minecraft:deepslate_redstone_ore":11,"minecraft:tuff":2,"minecraft:torch":2,"minecraft:crafting_table":1,"minecraft:glow_lichen":1,"minecraft:grass_block":5,"minecraft:tall_grass":11,"minecraft:cobblestone":1,"minecraft:deepslate_gold_ore":10,"minecraft:lapis_ore":6,"minecraft:oak_planks":18,"minecraft:bricks":1,"minecraft:diorite":2,"minecraft:wall_torch":4,"minecraft:birch_planks":1,"minecraft:wheat":10,"minecraft:iron_ore":6,"minecraft:cobbled_deepslate":2,"minecraft:birch_leaves":4,"minecraft:deepslate_lapis_ore":7,"minecraft:grass":24,"minecraft:oak_log":3,"minecraft:coal_ore":4,"minecraft:deepslate_iron_ore":13,"minecraft:gravel":2,"minecraft:dirt":5,"minecraft:cobweb":1,"minecraft:stone_bricks":1,"minecraft:stone":143,"minecraft:fern":1,"minecraft:oak_leaves":2,"minecraft:deepslate":92}},"DataVersion":3465}