{"stats":{"minecraft:custom":{"minecraft:jump":17,"minecraft:open_chest":3,"minecraft:time_since_rest":3001,"enigmaticlegacy:play_time_with_seven_curses":0,"minecraft:damage_dealt":72,"minecraft:play_time":3001,"minecraft:damage_taken":29,"minecraft:time_since_death":3001,"minecraft:walk_one_cm":5688,"enigmaticlegacy:play_time_without_seven_curses":3001,"minecraft:total_world_time":3001,"minecraft:mob_kills":1,"minecraft:fall_one_cm":482,"minecraft:fly_one_cm":273},"minecraft:killed":{"minecraft:spider":1},"minecraft:picked_up":{"minecraft:iron_leggings":1,"minecraft:iron_chestplate":1,"improvableskills:scroll_creative":1,"improvableskills:skills_book":1,"minecraft:iron_boots":1,"minecraft:iron_helmet":1}},"DataVersion":3465}