{"stats":{"minecraft:used":{"alexsmobs:animal_dictionary":1},"minecraft:custom":{"minecraft:jump":100,"minecraft:time_since_rest":65553,"enigmaticlegacy:play_time_with_seven_curses":0,"minecraft:damage_dealt":302,"minecraft:crouch_one_cm":8010,"minecraft:leave_game":7,"minecraft:play_time":65553,"minecraft:sprint_one_cm":11290,"minecraft:time_since_death":65553,"minecraft:walk_one_cm":39976,"minecraft:sneak_time":3841,"enigmaticlegacy:play_time_without_seven_curses":65553,"minecraft:total_world_time":65553,"minecraft:fly_one_cm":11600}},"DataVersion":3465}