{"stats":{"minecraft:custom":{"minecraft:jump":26,"minecraft:time_since_rest":27546,"enigmaticlegacy:play_time_with_seven_curses":0,"minecraft:damage_dealt":167,"minecraft:crouch_one_cm":634,"minecraft:leave_game":3,"minecraft:play_time":27546,"minecraft:sprint_one_cm":1085,"minecraft:time_since_death":27546,"minecraft:walk_one_cm":14564,"minecraft:sneak_time":168,"enigmaticlegacy:play_time_without_seven_curses":27546,"minecraft:total_world_time":27546,"minecraft:fly_one_cm":6107},"minecraft:used":{"alexsmobs:animal_dictionary":1}},"DataVersion":3465}