{"stats":{"minecraft:dropped":{"minecraft:stone_button":1,"sophisticatedbackpacks:backpack":1,"improvableskills:skills_book":1,"improvableskills:scroll_creative":1},"minecraft:custom":{"minecraft:time_since_rest":29260,"enigmaticlegacy:play_time_with_seven_curses":0,"minecraft:interact_with_furnace":2,"minecraft:sprint_one_cm":38266,"minecraft:walk_one_cm":76691,"minecraft:mob_kills":1,"minecraft:drop":4,"minecraft:damage_dealt":99,"enigmaticlegacy:play_time_without_seven_curses":29260,"minecraft:talked_to_villager":1,"minecraft:fly_one_cm":36231,"minecraft:open_barrel":2,"minecraft:open_chest":10,"minecraft:crouch_one_cm":2436,"minecraft:play_time":29260,"minecraft:sneak_time":2099,"minecraft:jump":297,"minecraft:walk_on_water_one_cm":40,"minecraft:time_since_death":29260,"minecraft:climb_one_cm":936,"minecraft:total_world_time":29260},"minecraft:broken":{"minecraft:iron_pickaxe":1},"minecraft:mined":{"minecraft:skeleton_skull":1,"minecraft:hay_block":11,"minecraft:oak_trapdoor":2,"minecraft:white_bed":2,"minecraft:barrel":1,"minecraft:wheat":3,"minecraft:cherry_log":48,"minecraft:yellow_bed":2,"minecraft:crafting_table":4,"minecraft:grass":17,"minecraft:grass_block":131,"minecraft:bookshelf":27,"minecraft:oak_log":255,"minecraft:chest":8,"minecraft:dirt":130,"minecraft:lectern":1,"minecraft:stone":119,"minecraft:stone_bricks":131,"minecraft:oak_leaves":10},"minecraft:killed":{"minecraft:cow":1},"minecraft:used":{"minecraft:cherry_sapling":3,"minecraft:leather_leggings":1,"minecraft:iron_pickaxe":250,"minecraft:leather_chestplate":1,"minecraft:stone_bricks":1,"minecraft:item_frame":3,"minecraft:cobblestone":4,"minecraft:oak_sapling":1,"minecraft:oak_log":2,"minecraft:oak_trapdoor":2,"minecraft:experience_bottle":1},"minecraft:crafted":{"minecraft:oak_planks":72,"minecraft:stick":144},"minecraft:picked_up":{"minecraft:book":81,"minecraft:stick":30,"minecraft:crafting_table":4,"minecraft:wheat":97,"minecraft:ladder":4,"improvableskills:parchment_fragment":1,"minecraft:magenta_banner":3,"minecraft:leather":4,"minecraft:oak_log":255,"minecraft:cherry_log":48,"minecraft:stone_button":33,"minecraft:white_bed":2,"minecraft:yellow_bed":2,"minecraft:oak_trapdoor":2,"minecraft:dirt":261,"minecraft:white_banner":3,"minecraft:lantern":8,"minecraft:item_frame":3,"minecraft:experience_bottle":1,"minecraft:stone_bricks":66,"minecraft:wheat_seeds":183,"minecraft:hay_block":11,"minecraft:beef":2,"minecraft:cherry_sapling":32,"minecraft:iron_pickaxe":1,"minecraft:lectern":1,"minecraft:oak_sapling":11,"minecraft:repeater":3,"minecraft:chest":5,"minecraft:cobblestone":109,"minecraft:acacia_sapling":4,"minecraft:skeleton_skull":1,"minecraft:pink_petals":30,"minecraft:raw_iron":193}},"DataVersion":3465}