{"stats":{"minecraft:broken":{"minecraft:stone_pickaxe":1},"minecraft:killed_by":{"alexsmobs:tasmanian_devil":1,"minecraft:spider":1,"minecraft:zombie":1},"minecraft:dropped":{"minecraft:wheat_seeds":1,"minecraft:wooden_axe":1,"tombstone:grave_dust":1,"improvableskills:skills_book":2,"improvableskills:scroll_creative":1,"enigmaticlegacy:cursed_ring":1},"minecraft:custom":{"minecraft:time_since_rest":12722,"enigmaticlegacy:play_time_with_seven_curses":0,"minecraft:sprint_one_cm":31170,"minecraft:damage_taken":1053,"minecraft:walk_one_cm":83980,"tombstone:sneak_grave":4,"minecraft:mob_kills":6,"minecraft:drop":7,"minecraft:damage_dealt":1235,"enigmaticlegacy:play_time_without_seven_curses":32441,"minecraft:swim_one_cm":14790,"minecraft:interact_with_crafting_table":6,"minecraft:fly_one_cm":19944,"minecraft:crouch_one_cm":17686,"minecraft:play_time":32533,"tombstone:undead_killed":3,"minecraft:deaths":3,"minecraft:sneak_time":4151,"minecraft:walk_under_water_one_cm":8093,"minecraft:jump":177,"minecraft:leave_game":2,"minecraft:walk_on_water_one_cm":7480,"minecraft:time_since_death":15121,"minecraft:total_world_time":32533},"minecraft:mined":{"minecraft:iron_ore":2,"minecraft:crafting_table":2,"minecraft:coal_ore":5,"minecraft:grass":4,"minecraft:oak_log":25,"minecraft:stone":127,"minecraft:oak_leaves":129},"minecraft:picked_up":{"minecraft:raw_iron":2,"minecraft:stick":9,"minecraft:crafting_table":2,"minecraft:oak_log":25,"skilltree:gem":1,"minecraft:arrow":2,"minecraft:bone":3,"minecraft:rotten_flesh":2,"minecraft:wheat_seeds":1,"minecraft:oak_sapling":14,"minecraft:mutton":4,"minecraft:coal":5,"alexsmobs:flying_fish":1,"minecraft:white_wool":2,"minecraft:cobblestone":127},"minecraft:killed":{"minecraft:skeleton":2,"minecraft:sheep":2,"minecraft:zombie":1,"minecraft:spider":1},"minecraft:used":{"minecraft:wooden_axe":13,"minecraft:stone_sword":1,"minecraft:stone_pickaxe":131,"minecraft:wooden_pickaxe":3,"minecraft:rotten_flesh":1,"minecraft:stone_axe":1,"minecraft:cobblestone":1,"minecraft:crafting_table":2,"minecraft:oak_sapling":2,"tombstone:gift":1},"minecraft:crafted":{"minecraft:oak_planks":100,"minecraft:crafting_table":1,"minecraft:stick":12,"minecraft:wooden_pickaxe":1,"minecraft:stone_pickaxe":3,"minecraft:wooden_axe":2,"minecraft:stone_sword":1,"minecraft:stone_axe":1}},"DataVersion":3465}