{"stats":{"minecraft:used":{"minecraft:stone_sword":8,"minecraft:stone_pickaxe":3028,"minecraft:dried_kelp":11,"alexsmobs:flying_fish_boots":1,"minecraft:shield":94,"minecraft:wooden_pickaxe":3,"minecraft:diamond_axe":29,"minecraft:rotten_flesh":2,"minecraft:iron_chestplate":1,"minecraft:crafting_table":10,"tombstone:bag_of_seeds":1,"minecraft:wooden_axe":13,"minecraft:lava_bucket":4,"minecraft:iron_pickaxe":948,"minecraft:diamond_sword":90,"minecraft:iron_boots":1,"minecraft:bow":4,"minecraft:stone_axe":11,"ironfurnaces:iron_furnace":2,"minecraft:cobblestone":110,"minecraft:furnace":1,"minecraft:oak_sapling":2,"minecraft:cooked_cod":3,"minecraft:bucket":6,"tombstone:gift":1,"minecraft:cobbled_deepslate":50,"minecraft:iron_leggings":1},"minecraft:custom":{"enigmaticlegacy:play_time_with_seven_curses":0,"minecraft:interact_with_furnace":48,"minecraft:mob_kills":47,"minecraft:interact_with_anvil":2,"enigmaticlegacy:play_time_without_seven_curses":160046,"minecraft:interact_with_crafting_table":26,"minecraft:open_barrel":3,"goblintraders:trade_with_goblin":41,"minecraft:leave_game":5,"minecraft:time_since_death":4330,"minecraft:sleep_in_bed":1,"minecraft:time_since_rest":4068,"minecraft:sprint_one_cm":118472,"minecraft:damage_taken":2898,"minecraft:walk_one_cm":284486,"minecraft:damage_blocked_by_shield":2760,"tombstone:sneak_grave":4,"minecraft:drop":17,"minecraft:damage_dealt":10101,"minecraft:swim_one_cm":22696,"minecraft:fly_one_cm":158494,"minecraft:open_chest":5,"minecraft:crouch_one_cm":41812,"minecraft:play_time":160262,"tombstone:undead_killed":33,"minecraft:deaths":7,"minecraft:sneak_time":12069,"minecraft:walk_under_water_one_cm":10966,"minecraft:jump":1347,"minecraft:walk_on_water_one_cm":19451,"minecraft:total_world_time":160262},"minecraft:killed":{"minecraft:spider":8,"minecraft:creeper":1,"minecraft:skeleton":10,"minecraft:sheep":2,"minecraft:zombie":22,"alexsmobs:bison":2,"minecraft:drowned":1},"minecraft:killed_by":{"minecraft:player":1,"alexsmobs:tasmanian_devil":1,"minecraft:skeleton":1,"minecraft:spider":1,"minecraft:zombie":2},"minecraft:picked_up":{"minecraft:crafting_table":6,"minecraft:cooked_beef":20,"minecraft:flower_pot":1,"minecraft:diamond_sword":1,"alexsmobs:bison_fur":2,"minecraft:oak_log":55,"skilltree:gem":36,"minecraft:string":2,"minecraft:bone":12,"minecraft:bow":1,"minecraft:wheat_seeds":2,"minecraft:cobbled_deepslate":88,"minecraft:raw_gold":1,"minecraft:iron_ingot":1,"minecraft:stone_pickaxe":2,"tombstone:bag_of_seeds":1,"ironfurnaces:iron_furnace":2,"minecraft:furnace":2,"minecraft:stick":41,"minecraft:raw_iron":146,"minecraft:green_bed":1,"minecraft:dried_kelp":16,"minecraft:diorite":75,"minecraft:stone_sword":1,"minecraft:spider_eye":1,"minecraft:arrow":11,"minecraft:rotten_flesh":5,"minecraft:cooked_cod":3,"minecraft:diamond":11,"minecraft:emerald":28,"minecraft:oak_sapling":22,"minecraft:damaged_anvil":1,"minecraft:mutton":4,"minecraft:coal":209,"alexsmobs:flying_fish":2,"minecraft:white_wool":2,"minecraft:cobblestone":1766},"minecraft:broken":{"minecraft:stone_pickaxe":10},"minecraft:dropped":{"minecraft:wheat_seeds":1,"minecraft:rotten_flesh":1,"ironfurnaces:iron_furnace":2,"improvableskills:skills_book":2,"improvableskills:scroll_creative":1,"enigmaticlegacy:cursed_ring":1,"minecraft:wooden_axe":1,"skilltree:gem":9,"tombstone:grave_dust":1,"minecraft:iron_pickaxe":1},"minecraft:crafted":{"minecraft:oak_planks":100,"minecraft:diamond_sword":1,"minecraft:emerald":10,"minecraft:crafting_table":4,"minecraft:wooden_pickaxe":1,"minecraft:iron_helmet":1,"minecraft:furnace":1,"ironfurnaces:iron_furnace":2,"minecraft:bucket":2,"minecraft:stone_axe":1,"minecraft:air":0,"minecraft:iron_boots":1,"minecraft:iron_chestplate":1,"minecraft:shield":2,"minecraft:stick":44,"minecraft:gold_ingot":0,"minecraft:iron_ingot":77,"minecraft:iron_pickaxe":2,"minecraft:stone_pickaxe":12,"minecraft:wooden_axe":2,"minecraft:stone_sword":1,"minecraft:iron_leggings":1,"minecraft:chipped_anvil":1,"alexsmobs:flying_fish_boots":1},"minecraft:mined":{"minecraft:deepslate_diamond_ore":11,"ironfurnaces:iron_furnace":1,"minecraft:crafting_table":6,"minecraft:granite":76,"minecraft:cobblestone":60,"minecraft:lapis_ore":1,"minecraft:damaged_anvil":1,"minecraft:diorite":238,"minecraft:furnace":2,"minecraft:iron_ore":69,"minecraft:cobbled_deepslate":5,"minecraft:deepslate_lapis_ore":3,"minecraft:grass":5,"minecraft:oak_log":25,"minecraft:coal_ore":71,"minecraft:deepslate_iron_ore":31,"minecraft:stone":2631,"minecraft:potted_red_tulip":1,"minecraft:oak_leaves":129,"minecraft:deepslate":777,"minecraft:green_bed":1}},"DataVersion":3465}