{"stats":{"minecraft:killed_by":{"alexsmobs:tasmanian_devil":1,"minecraft:spider":1,"minecraft:zombie":1},"minecraft:dropped":{"minecraft:wooden_axe":1,"tombstone:grave_dust":1,"improvableskills:skills_book":2,"improvableskills:scroll_creative":1},"minecraft:custom":{"minecraft:time_since_rest":722,"enigmaticlegacy:play_time_with_seven_curses":0,"minecraft:sprint_one_cm":12530,"minecraft:damage_taken":793,"minecraft:walk_one_cm":54031,"tombstone:sneak_grave":4,"minecraft:mob_kills":3,"minecraft:drop":5,"minecraft:damage_dealt":542,"enigmaticlegacy:play_time_without_seven_curses":20441,"minecraft:interact_with_crafting_table":2,"minecraft:fly_one_cm":11252,"minecraft:crouch_one_cm":14209,"minecraft:play_time":20533,"tombstone:undead_killed":1,"minecraft:deaths":3,"minecraft:sneak_time":3181,"minecraft:jump":95,"minecraft:leave_game":2,"minecraft:time_since_death":3121,"minecraft:total_world_time":20533},"minecraft:mined":{"minecraft:crafting_table":1,"minecraft:grass":4,"minecraft:oak_log":25,"minecraft:oak_leaves":129},"minecraft:picked_up":{"minecraft:stick":9,"minecraft:crafting_table":1,"minecraft:oak_log":25,"minecraft:rotten_flesh":1,"minecraft:wheat_seeds":1,"minecraft:oak_sapling":14,"minecraft:mutton":4,"minecraft:white_wool":2},"minecraft:killed":{"minecraft:sheep":2,"minecraft:zombie":1},"minecraft:used":{"minecraft:wooden_axe":4,"minecraft:rotten_flesh":1,"minecraft:crafting_table":1,"minecraft:oak_sapling":2,"tombstone:gift":1},"minecraft:crafted":{"minecraft:oak_planks":100,"minecraft:crafting_table":1,"minecraft:stick":12,"minecraft:wooden_axe":2}},"DataVersion":3465}