{"stats":{"minecraft:used":{"ironfurnaces:gold_furnace":2,"minecraft:stone_sword":8,"minecraft:dried_kelp":11,"minecraft:shield":95,"minecraft:rotten_flesh":2,"minecraft:iron_chestplate":2,"minecraft:diamond_helmet":1,"minecraft:obsidian":15,"minecraft:milk_bucket":1,"minecraft:wooden_axe":13,"minecraft:lava_bucket":61,"minecraft:chipped_anvil":1,"minecraft:iron_boots":1,"minecraft:golden_carrot":2,"minecraft:diamond_chestplate":3,"ironfurnaces:iron_furnace":2,"minecraft:bow":34,"minecraft:cooked_cod":3,"minecraft:oak_sapling":2,"minecraft:furnace":1,"tombstone:gift":3,"minecraft:cooked_beef":44,"minecraft:cobbled_deepslate":50,"minecraft:iron_leggings":1,"minecraft:cooked_mutton":3,"minecraft:water_bucket":24,"minecraft:diamond_boots":2,"minecraft:powered_rail":2,"minecraft:stone_pickaxe":3028,"minecraft:oak_planks":64,"alexsmobs:flying_fish_boots":1,"minecraft:wooden_pickaxe":3,"minecraft:birch_boat":2,"minecraft:diamond_axe":89,"minecraft:green_bed":1,"minecraft:sand":5,"minecraft:crafting_table":14,"toolleveling:tool_leveling_table":1,"tombstone:bag_of_seeds":1,"minecraft:diamond_pickaxe":2179,"minecraft:iron_pickaxe":6032,"minecraft:gravel":4,"enchantinginfuser:enchanting_infuser":4,"minecraft:stone_axe":11,"minecraft:diamond_sword":613,"minecraft:cobblestone":179,"minecraft:bucket":87,"minecraft:diamond_leggings":1},"minecraft:custom":{"enigmaticlegacy:play_time_with_seven_curses":0,"minecraft:interact_with_anvil":3,"minecraft:mob_kills":174,"minecraft:interact_with_crafting_table":42,"minecraft:open_barrel":5,"goblintraders:trade_with_goblin":41,"minecraft:damage_dealt_resisted":268,"minecraft:leave_game":5,"minecraft:time_since_death":28846,"minecraft:climb_one_cm":1331,"minecraft:sprint_one_cm":374214,"minecraft:walk_one_cm":593062,"minecraft:damage_blocked_by_shield":2810,"minecraft:drop":78,"minecraft:damage_dealt_absorbed":80,"minecraft:talked_to_villager":3,"minecraft:sneak_time":18890,"minecraft:deaths":8,"minecraft:play_time":298262,"minecraft:walk_under_water_one_cm":18791,"minecraft:jump":3558,"minecraft:walk_on_water_one_cm":37650,"minecraft:total_world_time":298262,"minecraft:interact_with_furnace":58,"enigmaticlegacy:play_time_without_seven_curses":298020,"minecraft:sleep_in_bed":2,"minecraft:time_since_rest":28610,"minecraft:damage_taken":5985,"tombstone:sneak_grave":4,"minecraft:damage_dealt":37757,"minecraft:player_kills":1,"minecraft:swim_one_cm":28138,"minecraft:fly_one_cm":546155,"minecraft:open_chest":24,"minecraft:crouch_one_cm":61128,"tombstone:undead_killed":91},"minecraft:killed":{"alexsmobs:bone_serpent":1,"minecraft:spider":16,"minecraft:horse":6,"minecraft:skeleton":35,"minecraft:silverfish":6,"alexsmobs:bison":11,"minecraft:drowned":1,"minecraft:piglin_brute":3,"artifacts:mimic":1,"minecraft:cat":2,"minecraft:piglin":5,"minecraft:pig":3,"minecraft:zombie_villager":1,"minecraft:iron_golem":2,"minecraft:creeper":14,"minecraft:sheep":3,"minecraft:zombie":53,"minecraft:enderman":1,"minecraft:cow":2},"minecraft:killed_by":{"minecraft:player":1,"minecraft:spider":1,"alexsmobs:tasmanian_devil":1,"minecraft:skeleton":1,"minecraft:zombie":3},"minecraft:picked_up":{"cyclic:shield_obsidian":1,"minecraft:iron_chestplate":2,"minecraft:crafting_table":6,"minecraft:wheat":11,"minecraft:azure_bluet":2,"minecraft:chainmail_boots":1,"minecraft:nether_wart":4,"minecraft:flower_pot":1,"minecraft:diamond_sword":2,"minecraft:soul_soil":1,"minecraft:string":48,"minecraft:diamond_leggings":1,"minecraft:cobbled_deepslate":172,"alexsmobs:raccoon_tail":2,"minecraft:furnace":2,"minecraft:raw_iron":158,"minecraft:stick":41,"minecraft:torch":1,"minecraft:green_bed":1,"sophisticatedbackpacks:backpack":1,"minecraft:porkchop":6,"minecraft:dried_kelp":16,"tombstone:grave_dust":6,"minecraft:diorite":106,"minecraft:redstone":13,"alexsmobs:centipede_leg":1,"minecraft:rotten_flesh":23,"minecraft:stone_sword":1,"minecraft:arrow":28,"minecraft:diamond_chestplate":1,"minecraft:cooked_cod":3,"ironfurnaces:gold_furnace":6,"minecraft:diamond_boots":1,"minecraft:hay_block":11,"toolleveling:tool_leveling_table":1,"minecraft:bone_block":35,"minecraft:iron_bars":2,"minecraft:obsidian":73,"minecraft:mutton":4,"minecraft:white_wool":7,"alexsmobs:flying_fish":2,"minecraft:cobblestone":2258,"minecraft:cooked_beef":111,"minecraft:leather":6,"artifacts:thorn_pendant":1,"minecraft:birch_planks":27,"alexsmobs:bison_fur":6,"minecraft:flint":9,"minecraft:chainmail_chestplate":1,"minecraft:tuff":17,"minecraft:oak_log":57,"minecraft:gunpowder":7,"improvableskills:scroll_creative":1,"skilltree:gem":42,"minecraft:dirt":359,"cyclic:flower_cyan":1,"minecraft:cooked_mutton":6,"minecraft:glass":10,"minecraft:bone":30,"minecraft:bow":1,"minecraft:wheat_seeds":26,"minecraft:raw_gold":6,"tombstone:receptacle_of_familiar":1,"minecraft:iron_ingot":27,"minecraft:stone_pickaxe":2,"tombstone:bag_of_seeds":1,"minecraft:diamond_helmet":1,"minecraft:powered_rail":14,"minecraft:soul_sand":7,"minecraft:iron_sword":1,"minecraft:oak_planks":3,"ironfurnaces:iron_furnace":2,"minecraft:book":51,"minecraft:birch_boat":2,"minecraft:quartz":49,"minecraft:dandelion":2,"minecraft:gravel":101,"minecraft:sand":128,"minecraft:bundle":1,"minecraft:spider_eye":5,"minecraft:iron_hoe":1,"minecraft:diamond":55,"improvableskills:skills_book":1,"minecraft:chainmail_leggings":1,"enchantinginfuser:enchanting_infuser":4,"minecraft:granite":1,"minecraft:diamond_axe":1,"minecraft:emerald":28,"minecraft:netherrack":130,"tombstone:magic_scroll":1,"minecraft:oak_sapling":22,"minecraft:damaged_anvil":1,"minecraft:coal":419},"minecraft:broken":{"minecraft:stone_pickaxe":10},"minecraft:dropped":{"minecraft:iron_sword":1,"minecraft:soul_sand":7,"minecraft:wheat_seeds":1,"minecraft:diamond_axe":1,"minecraft:clock":2,"minecraft:cooked_beef":6,"minecraft:oak_log":15,"minecraft:diamond":34,"cyclic:flower_cyan":1,"minecraft:iron_helmet":1,"minecraft:cobblestone":418,"minecraft:granite":1,"improvableskills:scroll_creative":3,"minecraft:coal":84,"minecraft:stick":47,"minecraft:dirt":64,"minecraft:torch":1,"minecraft:wooden_axe":1,"skilltree:gem":9,"tombstone:grave_dust":3,"minecraft:iron_leggings":1,"minecraft:iron_pickaxe":2,"minecraft:bucket":1,"minecraft:music_disc_cat":1,"minecraft:dandelion":2,"minecraft:gravel":90,"alexsmobs:centipede_leg":1,"minecraft:wheat":3,"ironfurnaces:gold_furnace":2,"cyclic:shield_obsidian":3,"minecraft:obsidian":9,"minecraft:rotten_flesh":7,"enigmaticlegacy:tattered_tome":2,"minecraft:iron_boots":1,"ironfurnaces:iron_furnace":2,"improvableskills:skills_book":4,"enigmaticlegacy:cursed_ring":1,"minecraft:iron_chestplate":1,"minecraft:beetroot_seeds":4,"minecraft:powered_rail":12},"minecraft:crafted":{"minecraft:oak_door":3,"minecraft:oak_planks":168,"minecraft:furnace":1,"ironfurnaces:iron_furnace":2,"ironfurnaces:diamond_furnace":2,"ironfurnaces:emerald_furnace":2,"minecraft:quartz_block":12,"minecraft:glass":0,"minecraft:iron_boots":1,"minecraft:stone_pickaxe":12,"minecraft:chest":1,"alexsmobs:flying_fish_boots":1,"toolleveling:tool_leveling_table":1,"minecraft:diamond_sword":1,"sophisticatedbackpacks:backpack":1,"minecraft:emerald":10,"minecraft:crafting_table":8,"minecraft:enchanting_table":1,"minecraft:iron_helmet":1,"minecraft:wooden_pickaxe":1,"minecraft:bucket":2,"minecraft:stone_axe":1,"minecraft:air":0,"minecraft:iron_chestplate":1,"minecraft:diamond_pickaxe":1,"minecraft:shield":2,"minecraft:stick":92,"minecraft:iron_ingot":77,"minecraft:iron_pickaxe":2,"minecraft:wooden_axe":2,"minecraft:stone_sword":1,"minecraft:chipped_anvil":1,"minecraft:iron_leggings":1,"minecraft:gold_ingot":0,"cyclic:shield_obsidian":3},"minecraft:mined":{"minecraft:tuff":146,"minecraft:deepslate_diamond_ore":39,"enchantinginfuser:enchanting_infuser":4,"minecraft:obsidian":73,"minecraft:granite":286,"minecraft:grass_block":236,"minecraft:soul_soil":1,"minecraft:nether_wart":1,"minecraft:spawner":1,"minecraft:hay_block":11,"minecraft:furnace":2,"ironfurnaces:gold_furnace":6,"minecraft:iron_ore":80,"minecraft:cobbled_deepslate":6,"minecraft:deepslate_lapis_ore":3,"toolleveling:tool_leveling_table":1,"minecraft:bookshelf":17,"minecraft:oak_stairs":1,"minecraft:deepslate_iron_ore":31,"minecraft:iron_bars":2,"minecraft:bone_block":36,"minecraft:stone":5104,"minecraft:green_bed":1,"minecraft:dandelion":2,"ironfurnaces:iron_furnace":1,"minecraft:crafting_table":6,"minecraft:chest":8,"minecraft:tall_grass":4,"minecraft:cobblestone":153,"minecraft:lapis_ore":1,"minecraft:bricks":2,"minecraft:oak_planks":6,"minecraft:damaged_anvil":1,"minecraft:diorite":360,"minecraft:birch_planks":28,"minecraft:grass":37,"minecraft:coal_ore":92,"minecraft:oak_log":25,"minecraft:gravel":209,"minecraft:sand":82,"minecraft:dirt":639,"minecraft:cobweb":34,"minecraft:potted_red_tulip":1,"minecraft:netherrack":389,"minecraft:gold_ore":5,"minecraft:oak_leaves":129,"minecraft:deepslate":4387,"minecraft:infested_stone":2}},"DataVersion":3465}