{"stats":{"minecraft:custom":{"minecraft:jump":34,"minecraft:time_since_rest":39546,"enigmaticlegacy:play_time_with_seven_curses":0,"minecraft:damage_dealt":167,"minecraft:crouch_one_cm":1509,"minecraft:leave_game":3,"minecraft:play_time":39546,"minecraft:sprint_one_cm":1085,"minecraft:time_since_death":39546,"minecraft:walk_one_cm":15458,"minecraft:sneak_time":385,"enigmaticlegacy:play_time_without_seven_curses":39546,"minecraft:total_world_time":39546,"minecraft:fly_one_cm":7204},"minecraft:used":{"alexsmobs:animal_dictionary":1}},"DataVersion":3465}