{"stats":{"minecraft:custom":{"minecraft:jump":63,"minecraft:time_since_rest":49321,"enigmaticlegacy:play_time_with_seven_curses":0,"minecraft:damage_dealt":287,"minecraft:crouch_one_cm":3434,"minecraft:leave_game":5,"minecraft:play_time":49321,"minecraft:sprint_one_cm":8337,"minecraft:time_since_death":49321,"minecraft:walk_one_cm":28128,"minecraft:sneak_time":892,"enigmaticlegacy:play_time_without_seven_curses":49321,"minecraft:total_world_time":49321,"minecraft:fly_one_cm":9944},"minecraft:used":{"alexsmobs:animal_dictionary":1}},"DataVersion":3465}