{"stats":{"minecraft:used":{"minecraft:wooden_axe":13,"minecraft:stone_sword":8,"minecraft:stone_pickaxe":1048,"alexsmobs:flying_fish_boots":1,"minecraft:wooden_pickaxe":3,"minecraft:rotten_flesh":2,"minecraft:stone_axe":10,"minecraft:cobblestone":92,"minecraft:crafting_table":5,"minecraft:oak_sapling":2,"minecraft:cooked_cod":3,"tombstone:gift":1},"minecraft:custom":{"minecraft:time_since_rest":43400,"enigmaticlegacy:play_time_with_seven_curses":0,"minecraft:interact_with_furnace":5,"minecraft:sprint_one_cm":46024,"minecraft:damage_taken":1336,"minecraft:walk_one_cm":125907,"tombstone:sneak_grave":4,"minecraft:mob_kills":8,"minecraft:drop":10,"minecraft:damage_dealt":1579,"enigmaticlegacy:play_time_without_seven_curses":63119,"minecraft:interact_with_crafting_table":14,"minecraft:swim_one_cm":22696,"minecraft:fly_one_cm":30927,"minecraft:play_time":63211,"minecraft:crouch_one_cm":30934,"tombstone:undead_killed":4,"minecraft:deaths":3,"minecraft:sneak_time":8320,"minecraft:walk_under_water_one_cm":10309,"minecraft:jump":308,"minecraft:leave_game":3,"minecraft:time_since_death":45799,"minecraft:walk_on_water_one_cm":12508,"minecraft:total_world_time":63211},"minecraft:killed":{"minecraft:skeleton":2,"minecraft:sheep":2,"minecraft:zombie":2,"minecraft:spider":2},"minecraft:killed_by":{"alexsmobs:tasmanian_devil":1,"minecraft:spider":1,"minecraft:zombie":1},"minecraft:picked_up":{"minecraft:crafting_table":4,"minecraft:stick":13,"minecraft:raw_iron":2,"minecraft:oak_log":55,"minecraft:spider_eye":1,"skilltree:gem":5,"minecraft:string":2,"minecraft:bone":3,"minecraft:arrow":2,"minecraft:rotten_flesh":4,"minecraft:cooked_cod":3,"minecraft:wheat_seeds":2,"minecraft:oak_sapling":22,"minecraft:mutton":4,"minecraft:coal":20,"minecraft:white_wool":2,"alexsmobs:flying_fish":2,"minecraft:cobblestone":1057,"minecraft:furnace":1},"minecraft:broken":{"minecraft:stone_pickaxe":8},"minecraft:dropped":{"minecraft:wheat_seeds":1,"minecraft:wooden_axe":1,"skilltree:gem":4,"tombstone:grave_dust":1,"improvableskills:skills_book":2,"improvableskills:scroll_creative":1,"enigmaticlegacy:cursed_ring":1},"minecraft:crafted":{"minecraft:oak_planks":100,"minecraft:crafting_table":1,"minecraft:stick":44,"minecraft:wooden_pickaxe":1,"minecraft:iron_ingot":2,"minecraft:stone_pickaxe":12,"minecraft:wooden_axe":2,"minecraft:stone_sword":1,"alexsmobs:flying_fish_boots":1,"minecraft:stone_axe":1},"minecraft:mined":{"minecraft:furnace":1,"minecraft:iron_ore":2,"minecraft:crafting_table":4,"minecraft:grass":5,"minecraft:coal_ore":5,"minecraft:oak_log":25,"minecraft:cobblestone":60,"minecraft:stone":983,"minecraft:oak_leaves":129}},"DataVersion":3465}