{"stats":{"minecraft:dropped":{"minecraft:stone_button":1,"sophisticatedbackpacks:backpack":1,"improvableskills:skills_book":1,"improvableskills:scroll_creative":1},"minecraft:custom":{"minecraft:time_since_rest":17260,"enigmaticlegacy:play_time_with_seven_curses":0,"minecraft:interact_with_furnace":1,"minecraft:sprint_one_cm":26797,"minecraft:walk_one_cm":47938,"minecraft:mob_kills":1,"minecraft:drop":4,"minecraft:damage_dealt":99,"enigmaticlegacy:play_time_without_seven_curses":17260,"minecraft:talked_to_villager":1,"minecraft:fly_one_cm":28968,"minecraft:open_chest":7,"minecraft:crouch_one_cm":1840,"minecraft:play_time":17260,"minecraft:sneak_time":1566,"minecraft:jump":169,"minecraft:walk_on_water_one_cm":40,"minecraft:time_since_death":17260,"minecraft:climb_one_cm":303,"minecraft:total_world_time":17260},"minecraft:mined":{"minecraft:skeleton_skull":1,"minecraft:hay_block":11,"minecraft:wheat":3,"minecraft:cherry_log":48,"minecraft:yellow_bed":2,"minecraft:crafting_table":4,"minecraft:grass":17,"minecraft:bookshelf":27,"minecraft:oak_log":18,"minecraft:chest":5,"minecraft:lectern":1},"minecraft:killed":{"minecraft:cow":1},"minecraft:used":{"minecraft:cherry_sapling":3,"minecraft:leather_leggings":1,"minecraft:leather_chestplate":1,"minecraft:item_frame":3,"minecraft:oak_sapling":1,"minecraft:experience_bottle":1},"minecraft:crafted":{"minecraft:oak_planks":72,"minecraft:stick":144},"minecraft:picked_up":{"minecraft:book":81,"minecraft:stick":30,"minecraft:crafting_table":4,"minecraft:wheat":66,"improvableskills:parchment_fragment":1,"minecraft:leather":4,"minecraft:oak_log":18,"minecraft:cherry_log":48,"minecraft:stone_button":1,"minecraft:yellow_bed":2,"minecraft:lantern":2,"minecraft:item_frame":3,"minecraft:experience_bottle":1,"minecraft:wheat_seeds":121,"minecraft:hay_block":11,"minecraft:beef":2,"minecraft:cherry_sapling":32,"minecraft:iron_pickaxe":1,"minecraft:lectern":1,"minecraft:oak_sapling":11,"minecraft:chest":5,"minecraft:skeleton_skull":1}},"DataVersion":3465}