{"stats":{"minecraft:custom":{"minecraft:jump":92,"minecraft:time_since_rest":59845,"enigmaticlegacy:play_time_with_seven_curses":0,"minecraft:damage_dealt":302,"minecraft:crouch_one_cm":5587,"minecraft:leave_game":6,"minecraft:play_time":59845,"minecraft:sprint_one_cm":11290,"minecraft:time_since_death":59845,"minecraft:walk_one_cm":37118,"minecraft:sneak_time":1330,"enigmaticlegacy:play_time_without_seven_curses":59845,"minecraft:total_world_time":59845,"minecraft:fly_one_cm":11600},"minecraft:used":{"alexsmobs:animal_dictionary":1}},"DataVersion":3465}