{"stats":{"minecraft:custom":{"minecraft:time_since_rest":17809,"enigmaticlegacy:play_time_with_seven_curses":0,"minecraft:crouch_one_cm":711,"minecraft:play_time":17809,"minecraft:sprint_one_cm":18160,"minecraft:damage_taken":50,"minecraft:walk_one_cm":22893,"minecraft:sneak_time":410,"minecraft:mob_kills":6,"minecraft:drop":4,"minecraft:jump":181,"minecraft:damage_dealt":938,"minecraft:time_since_death":17809,"enigmaticlegacy:play_time_without_seven_curses":17809,"minecraft:total_world_time":17809,"minecraft:fall_one_cm":994,"minecraft:fly_one_cm":126576},"minecraft:used":{"minecraft:apple":1,"minecraft:wooden_sword":19,"minecraft:oak_sapling":1,"minecraft:acacia_sapling":2},"minecraft:mined":{"minecraft:grass":41,"minecraft:acacia_log":17,"minecraft:oak_log":5},"minecraft:dropped":{"sophisticatedbackpacks:iron_backpack":1,"alexsmobs:emu_feather":2,"improvableskills:skills_book":1,"improvableskills:scroll_creative":1},"minecraft:killed":{"minecraft:spider":1,"minecraft:pig":3,"minecraft:creeper":1,"alexsmobs:emu":1},"minecraft:crafted":{"minecraft:oak_planks":20},"minecraft:picked_up":{"minecraft:stick":5,"alexsmobs:acacia_blossom":1,"minecraft:apple":1,"enigmaticlegacy:cursed_ring":1,"minecraft:wheat_seeds":2,"improvableskills:skills_book":1,"alexsmobs:emu_feather":2,"minecraft:acacia_log":17,"minecraft:porkchop":7,"enigmaticlegacy:enigmatic_amulet":1,"minecraft:oak_log":5,"minecraft:oak_sapling":1,"minecraft:acacia_sapling":2,"alexsmobs:animal_dictionary":1}},"DataVersion":3465}