{"stats":{"minecraft:used":{"minecraft:stone_sword":8,"minecraft:dried_kelp":11,"minecraft:shield":95,"minecraft:rotten_flesh":2,"minecraft:iron_chestplate":1,"minecraft:wooden_axe":13,"minecraft:lava_bucket":18,"minecraft:iron_boots":1,"minecraft:diamond_chestplate":1,"ironfurnaces:iron_furnace":2,"minecraft:bow":4,"minecraft:cooked_cod":3,"minecraft:oak_sapling":2,"minecraft:furnace":1,"tombstone:gift":1,"minecraft:cooked_beef":15,"minecraft:cobbled_deepslate":50,"minecraft:iron_leggings":1,"minecraft:water_bucket":11,"minecraft:diamond_boots":1,"minecraft:stone_pickaxe":3028,"alexsmobs:flying_fish_boots":1,"minecraft:wooden_pickaxe":3,"minecraft:birch_boat":2,"minecraft:diamond_axe":32,"minecraft:green_bed":1,"minecraft:crafting_table":10,"tombstone:bag_of_seeds":1,"minecraft:iron_pickaxe":4495,"minecraft:stone_axe":11,"minecraft:diamond_sword":210,"minecraft:cobblestone":110,"minecraft:bucket":31},"minecraft:custom":{"enigmaticlegacy:play_time_with_seven_curses":0,"minecraft:interact_with_anvil":2,"minecraft:mob_kills":81,"minecraft:interact_with_crafting_table":26,"minecraft:open_barrel":3,"goblintraders:trade_with_goblin":41,"minecraft:leave_game":5,"minecraft:time_since_death":40330,"minecraft:sprint_one_cm":197292,"minecraft:walk_one_cm":360668,"minecraft:damage_blocked_by_shield":2810,"minecraft:drop":45,"minecraft:sneak_time":14312,"minecraft:deaths":7,"minecraft:play_time":196262,"minecraft:walk_under_water_one_cm":17097,"minecraft:jump":2179,"minecraft:walk_on_water_one_cm":24487,"minecraft:total_world_time":196262,"minecraft:interact_with_furnace":48,"enigmaticlegacy:play_time_without_seven_curses":196046,"minecraft:sleep_in_bed":2,"minecraft:time_since_rest":29410,"minecraft:damage_taken":3446,"tombstone:sneak_grave":4,"minecraft:damage_dealt":17634,"minecraft:swim_one_cm":23527,"minecraft:fly_one_cm":311293,"minecraft:open_chest":6,"minecraft:crouch_one_cm":47635,"tombstone:undead_killed":51},"minecraft:killed":{"minecraft:spider":11,"minecraft:skeleton":16,"alexsmobs:bison":5,"minecraft:drowned":1,"minecraft:creeper":8,"minecraft:sheep":2,"minecraft:zombie":34},"minecraft:killed_by":{"minecraft:player":1,"minecraft:spider":1,"alexsmobs:tasmanian_devil":1,"minecraft:skeleton":1,"minecraft:zombie":2},"minecraft:picked_up":{"minecraft:crafting_table":6,"minecraft:azure_bluet":2,"minecraft:flower_pot":1,"minecraft:diamond_sword":1,"minecraft:string":5,"minecraft:diamond_leggings":1,"minecraft:cobbled_deepslate":90,"alexsmobs:raccoon_tail":2,"minecraft:furnace":2,"minecraft:raw_iron":157,"minecraft:stick":41,"minecraft:green_bed":1,"minecraft:dried_kelp":16,"minecraft:diorite":106,"minecraft:rotten_flesh":8,"minecraft:stone_sword":1,"minecraft:arrow":14,"minecraft:diamond_chestplate":1,"minecraft:cooked_cod":3,"minecraft:diamond_boots":1,"minecraft:mutton":4,"minecraft:white_wool":2,"alexsmobs:flying_fish":2,"minecraft:cobblestone":2186,"minecraft:cooked_beef":55,"alexsmobs:bison_fur":6,"minecraft:oak_log":55,"minecraft:gunpowder":1,"improvableskills:scroll_creative":1,"skilltree:gem":40,"minecraft:dirt":359,"cyclic:flower_cyan":1,"minecraft:bone":13,"minecraft:bow":1,"minecraft:wheat_seeds":9,"minecraft:raw_gold":6,"minecraft:iron_ingot":1,"minecraft:stone_pickaxe":2,"tombstone:bag_of_seeds":1,"minecraft:diamond_helmet":1,"minecraft:oak_planks":1,"ironfurnaces:iron_furnace":2,"minecraft:birch_boat":2,"minecraft:gravel":8,"minecraft:spider_eye":3,"minecraft:iron_hoe":1,"minecraft:diamond":32,"improvableskills:skills_book":1,"minecraft:diamond_axe":1,"minecraft:emerald":28,"minecraft:oak_sapling":22,"minecraft:damaged_anvil":1,"minecraft:coal":209},"minecraft:broken":{"minecraft:stone_pickaxe":10},"minecraft:dropped":{"minecraft:wheat_seeds":1,"minecraft:diamond_axe":1,"minecraft:cooked_beef":6,"minecraft:oak_log":15,"minecraft:diamond":9,"cyclic:flower_cyan":1,"minecraft:iron_helmet":1,"minecraft:cobblestone":418,"improvableskills:scroll_creative":3,"minecraft:stick":47,"minecraft:dirt":64,"minecraft:wooden_axe":1,"skilltree:gem":9,"tombstone:grave_dust":1,"minecraft:iron_leggings":1,"minecraft:iron_pickaxe":1,"minecraft:gravel":1,"minecraft:rotten_flesh":1,"minecraft:iron_boots":1,"ironfurnaces:iron_furnace":2,"improvableskills:skills_book":4,"enigmaticlegacy:cursed_ring":1,"minecraft:iron_chestplate":1},"minecraft:crafted":{"minecraft:oak_planks":100,"minecraft:furnace":1,"ironfurnaces:iron_furnace":2,"minecraft:iron_boots":1,"minecraft:stone_pickaxe":12,"alexsmobs:flying_fish_boots":1,"minecraft:diamond_sword":1,"minecraft:emerald":10,"minecraft:crafting_table":4,"minecraft:iron_helmet":1,"minecraft:wooden_pickaxe":1,"minecraft:bucket":2,"minecraft:stone_axe":1,"minecraft:air":0,"minecraft:iron_chestplate":1,"minecraft:shield":2,"minecraft:stick":44,"minecraft:iron_ingot":77,"minecraft:iron_pickaxe":2,"minecraft:wooden_axe":2,"minecraft:stone_sword":1,"minecraft:chipped_anvil":1,"minecraft:iron_leggings":1,"minecraft:gold_ingot":0},"minecraft:mined":{"minecraft:deepslate_diamond_ore":32,"minecraft:granite":279,"minecraft:grass_block":107,"minecraft:furnace":2,"minecraft:iron_ore":80,"minecraft:cobbled_deepslate":5,"minecraft:deepslate_lapis_ore":3,"minecraft:deepslate_iron_ore":31,"minecraft:stone":4204,"minecraft:green_bed":1,"ironfurnaces:iron_furnace":1,"minecraft:crafting_table":6,"minecraft:cobblestone":60,"minecraft:lapis_ore":1,"minecraft:oak_planks":2,"minecraft:damaged_anvil":1,"minecraft:diorite":269,"minecraft:birch_planks":1,"minecraft:grass":5,"minecraft:coal_ore":92,"minecraft:oak_log":25,"minecraft:gravel":107,"minecraft:dirt":381,"minecraft:potted_red_tulip":1,"minecraft:gold_ore":5,"minecraft:oak_leaves":129,"minecraft:deepslate":2456}},"DataVersion":3465}