{"stats":{"minecraft:dropped":{"tombstone:grave_dust":1,"improvableskills:scroll_creative":1,"improvableskills:skills_book":1},"minecraft:custom":{"minecraft:jump":41,"minecraft:time_since_rest":8533,"enigmaticlegacy:play_time_with_seven_curses":0,"minecraft:damage_dealt":65,"minecraft:crouch_one_cm":8689,"minecraft:leave_game":2,"minecraft:play_time":8533,"minecraft:damage_taken":65,"minecraft:time_since_death":8533,"minecraft:walk_one_cm":10996,"tombstone:sneak_grave":4,"minecraft:sneak_time":2020,"enigmaticlegacy:play_time_without_seven_curses":8533,"minecraft:total_world_time":8533,"minecraft:drop":3,"minecraft:fly_one_cm":3066},"minecraft:mined":{"minecraft:oak_log":16},"minecraft:picked_up":{"minecraft:oak_log":16},"minecraft:used":{"tombstone:gift":1}},"DataVersion":3465}