{"stats":{"minecraft:custom":{"minecraft:jump":114,"minecraft:time_since_rest":5809,"enigmaticlegacy:play_time_with_seven_curses":0,"minecraft:damage_dealt":479,"minecraft:crouch_one_cm":73,"minecraft:sprint_one_cm":6940,"minecraft:play_time":5809,"minecraft:time_since_death":5809,"minecraft:walk_one_cm":5774,"minecraft:sneak_time":114,"enigmaticlegacy:play_time_without_seven_curses":5809,"minecraft:total_world_time":5809,"minecraft:mob_kills":3,"minecraft:fly_one_cm":105957},"minecraft:used":{"minecraft:wooden_sword":15},"minecraft:killed":{"minecraft:pig":2,"alexsmobs:emu":1},"minecraft:picked_up":{"minecraft:porkchop":1}},"DataVersion":3465}