{"stats":{"minecraft:killed_by":{"minecraft:zombified_piglin":1,"alexsmobs:tasmanian_devil":1,"minecraft:zombie":3,"minecraft:player":1,"minecraft:spider":1,"minecraft:skeleton":1},"minecraft:crafted":{"minecraft:oak_planks":168,"ironfurnaces:iron_furnace":2,"minecraft:stone":0,"sophisticatedbackpacks:crafting_upgrade":1,"minecraft:bookshelf":2,"ironfurnaces:diamond_furnace":2,"minecraft:quartz_block":12,"minecraft:glass":0,"minecraft:diamond_helmet":1,"minecraft:diamond_leggings":1,"minecraft:iron_boots":1,"minecraft:chest":2,"minecraft:chiseled_quartz_block":2,"sophisticatedbackpacks:backpack":1,"minecraft:emerald":10,"minecraft:crafting_table":10,"minecraft:spruce_planks":48,"minecraft:wooden_pickaxe":1,"minecraft:iron_helmet":1,"enchantinginfuser:advanced_enchanting_infuser":1,"minecraft:iron_chestplate":1,"minecraft:diamond_pickaxe":1,"minecraft:shield":3,"sophisticatedbackpacks:diamond_backpack":2,"minecraft:stick":92,"minecraft:iron_ingot":77,"minecraft:iron_pickaxe":2,"minecraft:stone_sword":1,"minecraft:gold_ingot":0,"cyclic:shield_obsidian":3,"minecraft:netherite_ingot":1,"minecraft:oak_door":3,"minecraft:furnace":1,"easy_villagers:iron_farm":1,"minecraft:diamond_block":2,"minecraft:glass_pane":16,"ironfurnaces:emerald_furnace":2,"minecraft:diamond":9,"minecraft:stone_pickaxe":12,"minecraft:diamond_boots":1,"minecraft:quartz_slab":6,"minecraft:netherite_scrap":6,"alexsmobs:flying_fish_boots":1,"toolleveling:tool_leveling_table":1,"sophisticatedbackpacks:iron_backpack":1,"minecraft:cooked_beef":0,"editenchanting:enchantment_edit_table":1,"minecraft:diamond_sword":1,"minecraft:enchanting_table":1,"sophisticatedbackpacks:gold_backpack":1,"minecraft:bucket":2,"minecraft:stone_axe":1,"minecraft:air":0,"minecraft:wooden_axe":2,"minecraft:chipped_anvil":1,"minecraft:iron_leggings":1,"minecraft:diamond_chestplate":1},"minecraft:broken":{"minecraft:stone_pickaxe":10},"minecraft:mined":{"minecraft:obsidian":73,"minecraft:granite":363,"minecraft:grass_block":601,"minecraft:cracked_polished_blackstone_bricks":8,"minecraft:soul_soil":4,"minecraft:polished_blackstone_brick_slab":2,"minecraft:nether_wart":1,"minecraft:gilded_blackstone":4,"minecraft:spawner":2,"minecraft:polished_blackstone_bricks":20,"editenchanting:enchantment_edit_table":3,"ironfurnaces:gold_furnace":6,"minecraft:iron_ore":80,"minecraft:cobbled_deepslate":6,"minecraft:fire":1,"minecraft:deepslate_lapis_ore":3,"minecraft:dirt_path":81,"minecraft:oak_stairs":1,"minecraft:iron_bars":2,"minecraft:green_bed":1,"minecraft:blackstone":165,"minecraft:crimson_nylium":2,"ironfurnaces:iron_furnace":1,"minecraft:chest":24,"minecraft:nether_quartz_ore":116,"minecraft:cobblestone":153,"minecraft:oak_planks":6,"minecraft:damaged_anvil":1,"minecraft:bricks":2,"minecraft:grass":39,"minecraft:oak_log":25,"minecraft:sand":82,"minecraft:dirt":907,"minecraft:potted_red_tulip":1,"minecraft:netherrack":2851,"minecraft:oak_leaves":129,"minecraft:deepslate":4387,"minecraft:nether_gold_ore":11,"minecraft:tuff":146,"minecraft:deepslate_diamond_ore":91,"enchantinginfuser:enchanting_infuser":5,"minecraft:spruce_leaves":1,"minecraft:large_fern":13,"minecraft:hay_block":11,"easy_villagers:iron_farm":3,"minecraft:furnace":2,"minecraft:andesite":50,"minecraft:gold_block":3,"minecraft:bookshelf":17,"toolleveling:tool_leveling_table":2,"minecraft:deepslate_iron_ore":31,"minecraft:stone":6019,"minecraft:bone_block":51,"cyclic:flower_absalon_tulip":1,"minecraft:soul_sand":130,"minecraft:basalt":609,"minecraft:polished_blackstone_brick_wall":2,"minecraft:dandelion":2,"minecraft:crafting_table":7,"minecraft:tall_grass":4,"minecraft:lapis_ore":1,"minecraft:polished_blackstone_brick_stairs":3,"minecraft:diorite":482,"minecraft:birch_planks":28,"minecraft:polished_blackstone_stairs":1,"minecraft:coal_ore":92,"minecraft:gravel":209,"enchantinginfuser:advanced_enchanting_infuser":2,"minecraft:cobweb":38,"minecraft:polished_blackstone":5,"minecraft:gold_ore":5,"minecraft:infested_stone":2},"minecraft:dropped":{"minecraft:iron_sword":2,"minecraft:soul_sand":199,"minecraft:porkchop":8,"minecraft:diamond_axe":1,"minecraft:cooked_beef":6,"minecraft:oak_log":15,"minecraft:diamond":34,"minecraft:cookie":3,"improvableskills:scroll_creative":3,"minecraft:dirt":276,"tombstone:bag_of_seeds":1,"minecraft:polished_blackstone_brick_stairs":2,"minecraft:gold_nugget":65,"minecraft:iron_pickaxe":3,"alexsmobs:raccoon_tail":1,"minecraft:gravel":90,"alexsmobs:centipede_leg":1,"minecraft:blackstone":4,"ironfurnaces:gold_furnace":2,"cyclic:flower_absalon_tulip":2,"alexscaves:cave_tablet":1,"minecraft:wheat":3,"minecraft:obsidian":9,"minecraft:rotten_flesh":45,"enigmaticlegacy:tattered_tome":2,"minecraft:azure_bluet":1,"sophisticatedbackpacks:diamond_backpack":1,"minecraft:beetroot_seeds":4,"tombstone:scroll_of_knowledge":12,"minecraft:powered_rail":12,"minecraft:netherrack":456,"minecraft:enchanted_book":20,"minecraft:iron_ingot":112,"minecraft:bread":1,"minecraft:wheat_seeds":1,"minecraft:clock":2,"minecraft:diamond_leggings":2,"cyclic:flower_cyan":1,"minecraft:iron_helmet":1,"minecraft:cobblestone":418,"minecraft:granite":1,"minecraft:chainmail_helmet":1,"minecraft:coal":88,"minecraft:stick":47,"minecraft:golden_carrot":6,"minecraft:torch":1,"minecraft:wooden_axe":1,"skilltree:gem":9,"minecraft:diamond_helmet":2,"tombstone:grave_dust":8,"minecraft:iron_leggings":1,"sophisticatedbackpacks:jukebox_upgrade":1,"minecraft:string":2,"minecraft:bucket":1,"minecraft:music_disc_cat":1,"minecraft:dandelion":2,"minecraft:soul_soil":2,"minecraft:stone_sword":1,"minecraft:raw_copper":3,"cyclic:shield_obsidian":3,"minecraft:iron_boots":1,"ironfurnaces:iron_furnace":2,"minecraft:iron_hoe":1,"improvableskills:skills_book":4,"enigmaticlegacy:cursed_ring":1,"minecraft:diamond_chestplate":2,"minecraft:spruce_planks":32,"minecraft:iron_chestplate":1,"minecraft:diamond_pickaxe":1,"minecraft:golden_sword":5,"easy_villagers:villager":4,"minecraft:spider_eye":1,"minecraft:diamond_boots":2,"sophisticatedbackpacks:copper_backpack":1,"tombstone:tablet_of_cupidity":1},"minecraft:custom":{"enigmaticlegacy:play_time_with_seven_curses":0,"minecraft:interact_with_crafting_table":61,"minecraft:open_barrel":5,"goblintraders:trade_with_goblin":42,"minecraft:leave_game":14,"minecraft:time_since_death":155239,"minecraft:sprint_one_cm":626759,"minecraft:damage_blocked_by_shield":3235,"minecraft:drop":178,"minecraft:talked_to_villager":3,"minecraft:play_time":508241,"minecraft:deaths":12,"minecraft:jump":6066,"minecraft:walk_on_water_one_cm":39063,"minecraft:enchant_item":14,"minecraft:interact_with_furnace":75,"minecraft:sleep_in_bed":2,"tombstone:sneak_grave":4,"minecraft:damage_dealt":76547,"minecraft:player_kills":1,"minecraft:crouch_one_cm":81543,"tombstone:undead_killed":237,"minecraft:interact_with_anvil":6,"minecraft:mob_kills":415,"minecraft:damage_dealt_resisted":296,"minecraft:climb_one_cm":1807,"minecraft:walk_one_cm":997839,"minecraft:damage_dealt_absorbed":80,"minecraft:sneak_time":26811,"minecraft:walk_under_water_one_cm":18791,"minecraft:total_world_time":508241,"enigmaticlegacy:play_time_without_seven_curses":507877,"minecraft:time_since_rest":154876,"minecraft:damage_taken":11083,"minecraft:damage_absorbed":157,"minecraft:swim_one_cm":28138,"minecraft:fly_one_cm":884371,"minecraft:open_chest":66},"minecraft:killed":{"minecraft:zombified_piglin":87,"minecraft:spider":20,"minecraft:skeleton":64,"minecraft:silverfish":6,"alexsmobs:straddler":1,"minecraft:piglin_brute":7,"artifacts:mimic":1,"minecraft:cat":2,"minecraft:magma_cube":24,"minecraft:piglin":21,"minecraft:pig":3,"minecraft:zombie_villager":1,"minecraft:iron_golem":2,"minecraft:strider":1,"minecraft:creeper":22,"alexsmobs:crimson_mosquito":13,"minecraft:sheep":3,"minecraft:trader_llama":1,"minecraft:zombie":68,"minecraft:ghast":5,"minecraft:cow":2,"minecraft:blaze":8,"alexsmobs:bone_serpent":2,"alexsmobs:dropbear":1,"alexsmobs:raccoon":2,"minecraft:horse":6,"alexsmobs:soul_vulture":1,"alexsmobs:bison":11,"minecraft:drowned":1,"mowziesmobs:baby_foliaath":2,"minecraft:hoglin":2,"minecraft:wither_skeleton":12,"minecraft:enderman":3},"minecraft:used":{"minecraft:chest":3,"minecraft:shield":100,"minecraft:rotten_flesh":2,"minecraft:iron_chestplate":2,"goblintraders:vein_goblin_trader_spawn_egg":1,"enchantinginfuser:advanced_enchanting_infuser":3,"minecraft:obsidian":15,"minecraft:milk_bucket":1,"minecraft:lava_bucket":74,"easy_villagers:iron_farm":11,"ironfurnaces:iron_furnace":2,"minecraft:deepslate_diamond_ore":52,"minecraft:bow":165,"minecraft:oak_sapling":2,"minecraft:furnace":1,"minecraft:cooked_cod":3,"mowziesmobs:foliaath_seed":2,"minecraft:diamond_boots":2,"minecraft:stone_pickaxe":3028,"minecraft:powered_rail":2,"minecraft:oak_planks":64,"alexsmobs:flying_fish_boots":1,"minecraft:wooden_pickaxe":3,"minecraft:diamond_axe":105,"minecraft:cookie":2,"minecraft:golden_apple":11,"minecraft:sand":5,"minecraft:crossbow":1,"editenchanting:enchantment_edit_table":4,"minecraft:gravel":4,"minecraft:diamond_sword":1164,"ironfurnaces:gold_furnace":2,"minecraft:stone_sword":8,"minecraft:dried_kelp":11,"minecraft:netherrack":476,"minecraft:dirt":22,"minecraft:diamond_helmet":2,"minecraft:wooden_axe":13,"minecraft:chipped_anvil":2,"minecraft:bookshelf":33,"minecraft:iron_boots":1,"minecraft:diamond_chestplate":3,"minecraft:golden_carrot":17,"tombstone:gift":3,"minecraft:cooked_beef":81,"minecraft:cobbled_deepslate":50,"minecraft:iron_leggings":1,"minecraft:cooked_mutton":3,"minecraft:water_bucket":24,"tombstone:scroll_of_knowledge":24,"minecraft:birch_boat":2,"minecraft:green_bed":1,"minecraft:crafting_table":16,"toolleveling:tool_leveling_table":3,"tombstone:bag_of_seeds":1,"minecraft:diamond_pickaxe":6970,"minecraft:iron_pickaxe":6032,"tombstone:magic_scroll":4,"minecraft:stone_axe":11,"enchantinginfuser:enchanting_infuser":5,"minecraft:cobblestone":497,"ironfurnaces:emerald_furnace":2,"minecraft:bucket":100,"minecraft:dandelion":2,"minecraft:diamond_leggings":1},"minecraft:picked_up":{"cyclic:shield_obsidian":4,"minecraft:iron_chestplate":3,"minecraft:wheat":11,"minecraft:chainmail_boots":2,"minecraft:flower_pot":1,"minecraft:diamond_sword":5,"alexscaves:cave_tablet":6,"minecraft:wither_rose":5,"minecraft:enchanted_book":17,"minecraft:golden_sword":10,"enchantinginfuser:advanced_enchanting_infuser":2,"minecraft:lapis_block":1,"minecraft:polished_blackstone_brick_stairs":5,"minecraft:string":53,"minecraft:soul_soil":4,"minecraft:raw_copper":3,"minecraft:netherite_ingot":2,"alexsmobs:blood_sac":3,"minecraft:diamond_leggings":2,"minecraft:gold_nugget":157,"minecraft:cobbled_deepslate":172,"minecraft:spruce_planks":16,"minecraft:iron_pickaxe":1,"alexsmobs:raccoon_tail":3,"minecraft:furnace":2,"minecraft:polished_blackstone_brick_slab":2,"minecraft:stick":43,"minecraft:polished_blackstone_stairs":1,"minecraft:torch":1,"minecraft:green_bed":1,"minecraft:porkchop":22,"easy_villagers:iron_farm":3,"minecraft:dried_kelp":16,"tombstone:grave_dust":17,"minecraft:diorite":228,"tombstone:tablet_of_cupidity":1,"alexsmobs:centipede_leg":1,"easy_villagers:villager":5,"minecraft:stone_sword":2,"minecraft:rotten_flesh":81,"toolleveling:tool_leveling_table":2,"minecraft:blaze_rod":5,"minecraft:obsidian":73,"minecraft:iron_bars":2,"alexsmobs:flying_fish":2,"minecraft:cobblestone":3301,"minecraft:cooked_beef":111,"minecraft:magma_cream":5,"minecraft:andesite":51,"artifacts:thorn_pendant":1,"alexsmobs:bison_fur":8,"minecraft:flint":9,"minecraft:tuff":17,"skilltree:gem":60,"minecraft:dirt":852,"cyclic:flower_cyan":1,"editenchanting:enchantment_edit_table":3,"minecraft:glass":10,"minecraft:bone":38,"minecraft:bow":2,"minecraft:wheat_seeds":27,"minecraft:raw_gold":6,"minecraft:diamond_helmet":2,"minecraft:powered_rail":14,"minecraft:oak_planks":3,"ironfurnaces:iron_furnace":2,"minecraft:sand":128,"cyclic:flower_absalon_tulip":2,"minecraft:bundle":2,"minecraft:iron_hoe":2,"minecraft:diamond":204,"improvableskills:skills_book":1,"minecraft:cracked_polished_blackstone_bricks":1,"enchantinginfuser:enchanting_infuser":5,"minecraft:crossbow":1,"minecraft:granite":4,"minecraft:emerald":28,"minecraft:chainmail_helmet":2,"minecraft:bread":1,"minecraft:oak_sapling":22,"minecraft:netherrack":1202,"minecraft:crimson_roots":1,"minecraft:diamond_pickaxe":2,"sophisticatedbackpacks:gold_backpack":1,"minecraft:crafting_table":7,"minecraft:azure_bluet":3,"minecraft:nether_wart":4,"minecraft:gold_block":3,"minecraft:blackstone":168,"improvableskills:scroll_normal":2,"minecraft:chest":1,"minecraft:raw_iron":158,"sophisticatedbackpacks:backpack":2,"minecraft:polished_blackstone_bricks":15,"minecraft:cookie":5,"minecraft:redstone":13,"minecraft:arrow":81,"minecraft:diamond_chestplate":2,"minecraft:cooked_cod":3,"ironfurnaces:gold_furnace":6,"minecraft:diamond_boots":2,"minecraft:hay_block":11,"minecraft:gold_ingot":8,"sophisticatedbackpacks:copper_backpack":2,"minecraft:polished_blackstone":5,"minecraft:mutton":4,"minecraft:bone_block":68,"minecraft:white_wool":7,"minecraft:basalt":613,"minecraft:leather":15,"minecraft:birch_planks":27,"minecraft:oak_log":57,"minecraft:chainmail_chestplate":2,"minecraft:ancient_debris":1,"minecraft:gunpowder":14,"improvableskills:scroll_creative":1,"alexsmobs:mosquito_proboscis":1,"minecraft:cooked_mutton":6,"sophisticatedbackpacks:upgrade_base":1,"minecraft:apple":1,"mowziesmobs:foliaath_seed":2,"tombstone:receptacle_of_familiar":1,"minecraft:iron_ingot":127,"minecraft:stone_pickaxe":2,"tombstone:bag_of_seeds":2,"minecraft:iron_sword":3,"minecraft:soul_sand":263,"minecraft:book":51,"minecraft:birch_boat":2,"minecraft:quartz":180,"minecraft:dandelion":6,"minecraft:gravel":101,"minecraft:spruce_log":12,"minecraft:spider_eye":7,"minecraft:chainmail_leggings":4,"minecraft:diamond_axe":1,"minecraft:polished_blackstone_brick_wall":2,"minecraft:lodestone":1,"tombstone:magic_scroll":5,"minecraft:damaged_anvil":1,"minecraft:coal":465,"minecraft:ender_pearl":3}},"DataVersion":3465}