{"stats":{"minecraft:used":{"alexsmobs:animal_dictionary":1},"minecraft:custom":{"minecraft:jump":100,"minecraft:time_since_rest":70916,"enigmaticlegacy:play_time_with_seven_curses":0,"minecraft:damage_dealt":302,"minecraft:crouch_one_cm":8046,"minecraft:leave_game":9,"minecraft:play_time":70916,"minecraft:sprint_one_cm":11290,"minecraft:time_since_death":70916,"minecraft:walk_one_cm":39976,"minecraft:sneak_time":7658,"enigmaticlegacy:play_time_without_seven_curses":70916,"minecraft:total_world_time":70916,"minecraft:fly_one_cm":11600}},"DataVersion":3465}