{"stats":{"minecraft:used":{"minecraft:wooden_axe":13,"minecraft:stone_sword":5,"minecraft:stone_pickaxe":455,"alexsmobs:flying_fish_boots":1,"minecraft:wooden_pickaxe":3,"minecraft:rotten_flesh":2,"minecraft:stone_axe":6,"minecraft:cobblestone":64,"minecraft:crafting_table":3,"minecraft:oak_sapling":2,"minecraft:cooked_cod":3,"tombstone:gift":1},"minecraft:custom":{"minecraft:time_since_rest":31400,"enigmaticlegacy:play_time_with_seven_curses":0,"minecraft:interact_with_furnace":5,"minecraft:sprint_one_cm":35057,"minecraft:damage_taken":1257,"minecraft:walk_one_cm":107549,"tombstone:sneak_grave":4,"minecraft:mob_kills":7,"minecraft:drop":10,"minecraft:damage_dealt":1420,"enigmaticlegacy:play_time_without_seven_curses":51119,"minecraft:interact_with_crafting_table":9,"minecraft:swim_one_cm":22696,"minecraft:fly_one_cm":25933,"minecraft:play_time":51211,"minecraft:crouch_one_cm":28843,"tombstone:undead_killed":4,"minecraft:deaths":3,"minecraft:sneak_time":7536,"minecraft:walk_under_water_one_cm":10309,"minecraft:jump":250,"minecraft:leave_game":3,"minecraft:time_since_death":33799,"minecraft:walk_on_water_one_cm":12508,"minecraft:total_world_time":51211},"minecraft:killed":{"minecraft:skeleton":2,"minecraft:sheep":2,"minecraft:zombie":2,"minecraft:spider":1},"minecraft:killed_by":{"alexsmobs:tasmanian_devil":1,"minecraft:spider":1,"minecraft:zombie":1},"minecraft:picked_up":{"minecraft:crafting_table":3,"minecraft:stick":13,"minecraft:raw_iron":2,"minecraft:oak_log":41,"skilltree:gem":5,"minecraft:string":2,"minecraft:bone":3,"minecraft:arrow":2,"minecraft:rotten_flesh":4,"minecraft:cooked_cod":3,"minecraft:wheat_seeds":1,"minecraft:oak_sapling":19,"minecraft:mutton":4,"minecraft:coal":20,"minecraft:white_wool":2,"alexsmobs:flying_fish":2,"minecraft:cobblestone":464,"minecraft:furnace":1},"minecraft:broken":{"minecraft:stone_pickaxe":3},"minecraft:dropped":{"minecraft:wheat_seeds":1,"minecraft:wooden_axe":1,"skilltree:gem":4,"tombstone:grave_dust":1,"improvableskills:skills_book":2,"improvableskills:scroll_creative":1,"enigmaticlegacy:cursed_ring":1},"minecraft:crafted":{"minecraft:oak_planks":100,"minecraft:crafting_table":1,"minecraft:stick":12,"minecraft:wooden_pickaxe":1,"minecraft:iron_ingot":2,"minecraft:stone_pickaxe":4,"minecraft:wooden_axe":2,"minecraft:stone_sword":1,"alexsmobs:flying_fish_boots":1,"minecraft:stone_axe":1},"minecraft:mined":{"minecraft:furnace":1,"minecraft:iron_ore":2,"minecraft:crafting_table":3,"minecraft:grass":4,"minecraft:coal_ore":5,"minecraft:oak_log":25,"minecraft:cobblestone":60,"minecraft:stone":390,"minecraft:oak_leaves":129}},"DataVersion":3465}