{"stats":{"minecraft:dropped":{"sophisticatedbackpacks:backpack":1,"improvableskills:skills_book":1,"improvableskills:scroll_creative":1,"minecraft:stone_button":1,"minecraft:bow":1,"minecraft:pink_petals":30},"minecraft:custom":{"enigmaticlegacy:play_time_with_seven_curses":0,"minecraft:interact_with_furnace":2,"minecraft:mob_kills":1,"enigmaticlegacy:play_time_without_seven_curses":38196,"minecraft:open_barrel":2,"minecraft:leave_game":1,"minecraft:time_since_death":38196,"minecraft:climb_one_cm":936,"minecraft:time_since_rest":38196,"minecraft:sprint_one_cm":49465,"minecraft:damage_taken":8,"minecraft:walk_one_cm":93477,"minecraft:drop":6,"minecraft:damage_dealt":99,"minecraft:talked_to_villager":1,"minecraft:fly_one_cm":38630,"minecraft:open_chest":10,"minecraft:crouch_one_cm":2445,"minecraft:play_time":38196,"minecraft:sneak_time":2144,"minecraft:jump":327,"minecraft:walk_on_water_one_cm":40,"minecraft:total_world_time":38196,"minecraft:fall_one_cm":265},"minecraft:broken":{"minecraft:iron_pickaxe":1},"minecraft:mined":{"minecraft:white_bed":2,"minecraft:cherry_log":48,"minecraft:crafting_table":4,"minecraft:grass_block":131,"minecraft:chest":8,"minecraft:white_stained_glass":2,"minecraft:lectern":1,"minecraft:tall_grass":1,"minecraft:skeleton_skull":1,"minecraft:hay_block":19,"minecraft:oak_trapdoor":2,"minecraft:wheat":3,"minecraft:barrel":1,"minecraft:yellow_bed":2,"minecraft:grass":20,"minecraft:bookshelf":27,"minecraft:oak_log":255,"minecraft:dirt":130,"minecraft:stone_bricks":131,"minecraft:stone":119,"minecraft:oak_leaves":10},"minecraft:killed":{"minecraft:cow":1},"minecraft:used":{"minecraft:oak_trapdoor":2,"minecraft:cherry_sapling":3,"minecraft:leather_leggings":1,"minecraft:leather_chestplate":1,"minecraft:oak_log":2,"minecraft:bread":2,"minecraft:iron_pickaxe":250,"minecraft:iron_boots":1,"minecraft:stone_bricks":4,"minecraft:item_frame":3,"minecraft:cobblestone":4,"minecraft:oak_sapling":1,"minecraft:iron_leggings":1,"minecraft:experience_bottle":1},"minecraft:crafted":{"minecraft:oak_planks":72,"minecraft:stick":144},"minecraft:picked_up":{"minecraft:pink_petals":30,"minecraft:iron_chestplate":1,"minecraft:crafting_table":4,"minecraft:wheat":97,"minecraft:repeater":3,"minecraft:ladder":4,"minecraft:magenta_banner":3,"minecraft:leather":4,"minecraft:oak_log":255,"minecraft:yellow_bed":2,"minecraft:dirt":261,"minecraft:oak_trapdoor":2,"minecraft:lantern":8,"minecraft:white_banner":3,"minecraft:iron_leggings":1,"minecraft:item_frame":3,"minecraft:experience_bottle":1,"minecraft:stone_bricks":66,"minecraft:bow":2,"minecraft:wheat_seeds":184,"minecraft:beef":2,"minecraft:iron_pickaxe":1,"minecraft:lectern":1,"minecraft:chest":5,"minecraft:acacia_sapling":4,"minecraft:iron_boots":1,"minecraft:book":81,"minecraft:stick":30,"minecraft:raw_iron":193,"improvableskills:parchment_fragment":1,"minecraft:stone_button":33,"minecraft:cherry_log":48,"minecraft:white_bed":2,"minecraft:iron_helmet":1,"minecraft:hay_block":19,"minecraft:cherry_sapling":32,"minecraft:oak_sapling":11,"minecraft:skeleton_skull":1,"minecraft:cobblestone":109}},"DataVersion":3465}