{"stats":{"minecraft:used":{"minecraft:stone_sword":8,"minecraft:stone_pickaxe":3027,"alexsmobs:flying_fish_boots":1,"minecraft:wooden_pickaxe":3,"minecraft:diamond_axe":1,"minecraft:rotten_flesh":2,"minecraft:crafting_table":5,"minecraft:wooden_axe":13,"minecraft:stone_axe":11,"minecraft:cobblestone":101,"minecraft:oak_sapling":2,"minecraft:cooked_cod":3,"tombstone:gift":1},"minecraft:custom":{"enigmaticlegacy:play_time_with_seven_curses":0,"minecraft:interact_with_furnace":5,"minecraft:interact_with_anvil":1,"minecraft:mob_kills":8,"enigmaticlegacy:play_time_without_seven_curses":87094,"minecraft:interact_with_crafting_table":14,"minecraft:open_barrel":2,"minecraft:leave_game":3,"minecraft:time_since_death":4305,"minecraft:sleep_in_bed":1,"minecraft:time_since_rest":549,"minecraft:sprint_one_cm":46273,"minecraft:damage_taken":1682,"minecraft:walk_one_cm":167406,"tombstone:sneak_grave":4,"minecraft:drop":10,"minecraft:damage_dealt":1609,"minecraft:swim_one_cm":22696,"minecraft:fly_one_cm":32942,"minecraft:open_chest":1,"minecraft:crouch_one_cm":37334,"minecraft:play_time":87211,"tombstone:undead_killed":4,"minecraft:deaths":4,"minecraft:sneak_time":10576,"minecraft:walk_under_water_one_cm":10966,"minecraft:jump":405,"minecraft:walk_on_water_one_cm":16282,"minecraft:total_world_time":87211},"minecraft:killed":{"minecraft:spider":2,"minecraft:sheep":2,"minecraft:skeleton":2,"minecraft:zombie":2},"minecraft:killed_by":{"minecraft:player":1,"alexsmobs:tasmanian_devil":1,"minecraft:spider":1,"minecraft:zombie":1},"minecraft:picked_up":{"minecraft:crafting_table":5,"minecraft:flower_pot":1,"minecraft:oak_log":55,"skilltree:gem":27,"minecraft:string":2,"minecraft:bone":3,"minecraft:wheat_seeds":2,"minecraft:furnace":1,"minecraft:raw_iron":64,"minecraft:stick":13,"minecraft:green_bed":1,"minecraft:diorite":67,"minecraft:spider_eye":1,"minecraft:arrow":2,"minecraft:rotten_flesh":4,"minecraft:cooked_cod":3,"minecraft:oak_sapling":22,"minecraft:mutton":4,"minecraft:coal":86,"alexsmobs:flying_fish":2,"minecraft:white_wool":2,"minecraft:cobblestone":1581},"minecraft:broken":{"minecraft:stone_pickaxe":10},"minecraft:dropped":{"minecraft:wheat_seeds":1,"improvableskills:skills_book":2,"improvableskills:scroll_creative":1,"enigmaticlegacy:cursed_ring":1,"minecraft:wooden_axe":1,"skilltree:gem":4,"tombstone:grave_dust":1},"minecraft:crafted":{"minecraft:oak_planks":100,"minecraft:crafting_table":1,"minecraft:wooden_pickaxe":1,"minecraft:stone_axe":1,"minecraft:stick":44,"minecraft:iron_ingot":2,"minecraft:stone_pickaxe":12,"minecraft:wooden_axe":2,"minecraft:stone_sword":1,"alexsmobs:flying_fish_boots":1},"minecraft:mined":{"minecraft:crafting_table":5,"minecraft:granite":76,"minecraft:cobblestone":60,"minecraft:lapis_ore":1,"minecraft:diorite":230,"minecraft:furnace":1,"minecraft:iron_ore":62,"minecraft:deepslate_lapis_ore":3,"minecraft:grass":5,"minecraft:oak_log":25,"minecraft:coal_ore":71,"minecraft:deepslate_iron_ore":2,"minecraft:potted_red_tulip":1,"minecraft:stone":2381,"minecraft:oak_leaves":129,"minecraft:green_bed":1,"minecraft:deepslate":142}},"DataVersion":3465}