{"stats":{"minecraft:used":{"minecraft:wooden_axe":13,"minecraft:stone_sword":8,"minecraft:stone_pickaxe":1904,"alexsmobs:flying_fish_boots":1,"minecraft:wooden_pickaxe":3,"minecraft:rotten_flesh":2,"minecraft:stone_axe":11,"minecraft:cobblestone":95,"minecraft:crafting_table":5,"minecraft:oak_sapling":2,"minecraft:cooked_cod":3,"tombstone:gift":1},"minecraft:custom":{"minecraft:time_since_rest":55400,"enigmaticlegacy:play_time_with_seven_curses":0,"minecraft:interact_with_furnace":5,"minecraft:sprint_one_cm":46273,"minecraft:damage_taken":1436,"minecraft:walk_one_cm":143659,"tombstone:sneak_grave":4,"minecraft:mob_kills":8,"minecraft:drop":10,"minecraft:damage_dealt":1609,"enigmaticlegacy:play_time_without_seven_curses":75119,"minecraft:interact_with_crafting_table":14,"minecraft:swim_one_cm":22696,"minecraft:fly_one_cm":32810,"minecraft:play_time":75211,"minecraft:crouch_one_cm":33568,"tombstone:undead_killed":4,"minecraft:deaths":3,"minecraft:sneak_time":9145,"minecraft:walk_under_water_one_cm":10966,"minecraft:jump":345,"minecraft:leave_game":3,"minecraft:time_since_death":57799,"minecraft:walk_on_water_one_cm":16282,"minecraft:total_world_time":75211},"minecraft:killed":{"minecraft:skeleton":2,"minecraft:sheep":2,"minecraft:zombie":2,"minecraft:spider":2},"minecraft:killed_by":{"alexsmobs:tasmanian_devil":1,"minecraft:spider":1,"minecraft:zombie":1},"minecraft:picked_up":{"minecraft:crafting_table":5,"minecraft:stick":13,"minecraft:raw_iron":10,"minecraft:oak_log":55,"minecraft:diorite":9,"minecraft:spider_eye":1,"skilltree:gem":23,"minecraft:string":2,"minecraft:bone":3,"minecraft:arrow":2,"minecraft:rotten_flesh":4,"minecraft:cooked_cod":3,"minecraft:wheat_seeds":2,"minecraft:oak_sapling":22,"minecraft:mutton":4,"minecraft:coal":86,"minecraft:white_wool":2,"alexsmobs:flying_fish":2,"minecraft:cobblestone":1485,"minecraft:furnace":1},"minecraft:broken":{"minecraft:stone_pickaxe":10},"minecraft:dropped":{"minecraft:wheat_seeds":1,"minecraft:wooden_axe":1,"skilltree:gem":4,"tombstone:grave_dust":1,"improvableskills:skills_book":2,"improvableskills:scroll_creative":1,"enigmaticlegacy:cursed_ring":1},"minecraft:crafted":{"minecraft:oak_planks":100,"minecraft:crafting_table":1,"minecraft:stick":44,"minecraft:wooden_pickaxe":1,"minecraft:iron_ingot":2,"minecraft:stone_pickaxe":12,"minecraft:wooden_axe":2,"minecraft:stone_sword":1,"alexsmobs:flying_fish_boots":1,"minecraft:stone_axe":1},"minecraft:mined":{"minecraft:furnace":1,"minecraft:iron_ore":10,"minecraft:crafting_table":5,"minecraft:grass":5,"minecraft:coal_ore":71,"minecraft:oak_log":25,"minecraft:cobblestone":60,"minecraft:stone":1756,"minecraft:diorite":9,"minecraft:oak_leaves":129}},"DataVersion":3465}