{"stats":{"minecraft:custom":{"minecraft:jump":39,"minecraft:time_since_rest":6683,"enigmaticlegacy:play_time_with_seven_curses":0,"minecraft:crouch_one_cm":502,"minecraft:leave_game":2,"minecraft:play_time":6683,"minecraft:sprint_one_cm":3664,"minecraft:time_since_death":6683,"minecraft:walk_one_cm":11563,"minecraft:sneak_time":225,"enigmaticlegacy:play_time_without_seven_curses":6683,"minecraft:total_world_time":6683,"minecraft:drop":3,"minecraft:fly_one_cm":4475},"minecraft:dropped":{"improvableskills:scroll_creative":1,"sophisticatedbackpacks:copper_backpack":1,"improvableskills:skills_book":1},"minecraft:picked_up":{"enigmaticlegacy:enigmatic_amulet":1,"minecraft:oak_log":4,"enigmaticlegacy:cursed_ring":1,"minecraft:dark_oak_log":27},"minecraft:mined":{"minecraft:oak_log":4}},"DataVersion":3465}