{"stats":{"minecraft:used":{"ironfurnaces:gold_furnace":2,"minecraft:stone_sword":8,"minecraft:dried_kelp":11,"minecraft:shield":95,"minecraft:rotten_flesh":2,"minecraft:iron_chestplate":1,"minecraft:diamond_helmet":1,"minecraft:milk_bucket":1,"minecraft:wooden_axe":13,"minecraft:lava_bucket":28,"minecraft:iron_boots":1,"minecraft:diamond_chestplate":2,"ironfurnaces:iron_furnace":2,"minecraft:bow":16,"minecraft:cooked_cod":3,"minecraft:oak_sapling":2,"minecraft:furnace":1,"tombstone:gift":1,"minecraft:cooked_beef":35,"minecraft:cobbled_deepslate":50,"minecraft:iron_leggings":1,"minecraft:water_bucket":22,"minecraft:diamond_boots":2,"minecraft:powered_rail":2,"minecraft:stone_pickaxe":3028,"alexsmobs:flying_fish_boots":1,"minecraft:wooden_pickaxe":3,"minecraft:birch_boat":2,"minecraft:diamond_axe":35,"minecraft:green_bed":1,"minecraft:crafting_table":13,"tombstone:bag_of_seeds":1,"minecraft:diamond_pickaxe":1727,"minecraft:iron_pickaxe":6032,"minecraft:stone_axe":11,"minecraft:diamond_sword":365,"minecraft:cobblestone":179,"minecraft:bucket":52,"minecraft:diamond_leggings":1},"minecraft:custom":{"enigmaticlegacy:play_time_with_seven_curses":0,"minecraft:interact_with_anvil":2,"minecraft:mob_kills":120,"minecraft:interact_with_crafting_table":35,"minecraft:open_barrel":5,"goblintraders:trade_with_goblin":41,"minecraft:leave_game":5,"minecraft:time_since_death":82330,"minecraft:sprint_one_cm":255705,"minecraft:walk_one_cm":468448,"minecraft:damage_blocked_by_shield":2810,"minecraft:drop":59,"minecraft:talked_to_villager":1,"minecraft:sneak_time":16562,"minecraft:deaths":7,"minecraft:play_time":238262,"minecraft:walk_under_water_one_cm":18120,"minecraft:jump":2801,"minecraft:walk_on_water_one_cm":31510,"minecraft:total_world_time":238262,"minecraft:interact_with_furnace":57,"enigmaticlegacy:play_time_without_seven_curses":238046,"minecraft:sleep_in_bed":2,"minecraft:time_since_rest":71410,"minecraft:damage_taken":4542,"tombstone:sneak_grave":4,"minecraft:damage_dealt":25067,"minecraft:swim_one_cm":25228,"minecraft:fly_one_cm":429677,"minecraft:open_chest":14,"minecraft:crouch_one_cm":53120,"tombstone:undead_killed":65},"minecraft:killed":{"minecraft:spider":12,"minecraft:horse":6,"minecraft:skeleton":28,"minecraft:silverfish":6,"alexsmobs:bison":9,"minecraft:drowned":1,"artifacts:mimic":1,"minecraft:iron_golem":1,"minecraft:creeper":9,"minecraft:sheep":2,"minecraft:zombie":36,"minecraft:enderman":1,"minecraft:cow":2},"minecraft:killed_by":{"minecraft:player":1,"minecraft:spider":1,"alexsmobs:tasmanian_devil":1,"minecraft:skeleton":1,"minecraft:zombie":2},"minecraft:picked_up":{"cyclic:shield_obsidian":1,"minecraft:iron_chestplate":1,"minecraft:crafting_table":6,"minecraft:wheat":5,"minecraft:azure_bluet":2,"minecraft:flower_pot":1,"minecraft:diamond_sword":1,"minecraft:string":10,"minecraft:diamond_leggings":1,"minecraft:cobbled_deepslate":172,"alexsmobs:raccoon_tail":2,"minecraft:furnace":2,"minecraft:raw_iron":158,"minecraft:stick":41,"minecraft:green_bed":1,"minecraft:dried_kelp":16,"tombstone:grave_dust":2,"minecraft:diorite":106,"minecraft:redstone":13,"alexsmobs:centipede_leg":1,"minecraft:rotten_flesh":8,"minecraft:stone_sword":1,"minecraft:arrow":22,"minecraft:diamond_chestplate":1,"minecraft:cooked_cod":3,"ironfurnaces:gold_furnace":6,"minecraft:diamond_boots":1,"minecraft:iron_bars":2,"minecraft:obsidian":73,"minecraft:mutton":4,"minecraft:white_wool":2,"alexsmobs:flying_fish":2,"minecraft:cobblestone":2258,"minecraft:cooked_beef":97,"minecraft:leather":6,"artifacts:thorn_pendant":1,"alexsmobs:bison_fur":6,"minecraft:tuff":17,"minecraft:oak_log":55,"minecraft:gunpowder":5,"improvableskills:scroll_creative":1,"skilltree:gem":41,"minecraft:dirt":359,"cyclic:flower_cyan":1,"minecraft:glass":10,"minecraft:bone":26,"minecraft:bow":1,"minecraft:wheat_seeds":12,"minecraft:raw_gold":6,"minecraft:iron_ingot":23,"minecraft:stone_pickaxe":2,"tombstone:bag_of_seeds":1,"minecraft:diamond_helmet":1,"minecraft:powered_rail":14,"minecraft:oak_planks":1,"ironfurnaces:iron_furnace":2,"minecraft:birch_boat":2,"minecraft:gravel":8,"minecraft:sand":128,"minecraft:spider_eye":3,"minecraft:iron_hoe":1,"minecraft:diamond":55,"improvableskills:skills_book":1,"minecraft:chainmail_leggings":1,"minecraft:granite":1,"minecraft:diamond_axe":1,"minecraft:emerald":28,"minecraft:oak_sapling":22,"minecraft:damaged_anvil":1,"minecraft:coal":419},"minecraft:broken":{"minecraft:stone_pickaxe":10},"minecraft:dropped":{"minecraft:wheat_seeds":1,"minecraft:diamond_axe":1,"minecraft:cooked_beef":6,"minecraft:oak_log":15,"minecraft:diamond":34,"cyclic:flower_cyan":1,"minecraft:iron_helmet":1,"minecraft:cobblestone":418,"minecraft:granite":1,"improvableskills:scroll_creative":3,"minecraft:coal":84,"minecraft:stick":47,"minecraft:dirt":64,"minecraft:wooden_axe":1,"skilltree:gem":9,"tombstone:grave_dust":3,"minecraft:iron_leggings":1,"minecraft:iron_pickaxe":2,"minecraft:gravel":1,"alexsmobs:centipede_leg":1,"ironfurnaces:gold_furnace":2,"cyclic:shield_obsidian":3,"minecraft:obsidian":9,"minecraft:rotten_flesh":1,"minecraft:iron_boots":1,"ironfurnaces:iron_furnace":2,"improvableskills:skills_book":4,"enigmaticlegacy:cursed_ring":1,"minecraft:iron_chestplate":1,"minecraft:powered_rail":12},"minecraft:crafted":{"minecraft:oak_planks":100,"minecraft:furnace":1,"ironfurnaces:iron_furnace":2,"ironfurnaces:diamond_furnace":2,"ironfurnaces:emerald_furnace":2,"minecraft:glass":0,"minecraft:iron_boots":1,"minecraft:stone_pickaxe":12,"minecraft:chest":1,"alexsmobs:flying_fish_boots":1,"minecraft:diamond_sword":1,"sophisticatedbackpacks:backpack":1,"minecraft:emerald":10,"minecraft:crafting_table":7,"minecraft:iron_helmet":1,"minecraft:wooden_pickaxe":1,"minecraft:bucket":2,"minecraft:stone_axe":1,"minecraft:air":0,"minecraft:iron_chestplate":1,"minecraft:diamond_pickaxe":1,"minecraft:shield":2,"minecraft:stick":48,"minecraft:iron_ingot":77,"minecraft:iron_pickaxe":2,"minecraft:wooden_axe":2,"minecraft:stone_sword":1,"minecraft:chipped_anvil":1,"minecraft:iron_leggings":1,"minecraft:gold_ingot":0,"cyclic:shield_obsidian":3},"minecraft:mined":{"minecraft:tuff":146,"minecraft:deepslate_diamond_ore":39,"minecraft:obsidian":73,"minecraft:granite":286,"minecraft:grass_block":236,"minecraft:spawner":1,"minecraft:furnace":2,"ironfurnaces:gold_furnace":6,"minecraft:iron_ore":80,"minecraft:cobbled_deepslate":6,"minecraft:deepslate_lapis_ore":3,"minecraft:oak_stairs":1,"minecraft:deepslate_iron_ore":31,"minecraft:iron_bars":2,"minecraft:stone":5104,"minecraft:green_bed":1,"ironfurnaces:iron_furnace":1,"minecraft:crafting_table":6,"minecraft:tall_grass":2,"minecraft:cobblestone":153,"minecraft:lapis_ore":1,"minecraft:bricks":2,"minecraft:oak_planks":4,"minecraft:damaged_anvil":1,"minecraft:diorite":360,"minecraft:birch_planks":1,"minecraft:grass":10,"minecraft:coal_ore":92,"minecraft:oak_log":25,"minecraft:gravel":107,"minecraft:sand":82,"minecraft:dirt":639,"minecraft:cobweb":1,"minecraft:potted_red_tulip":1,"minecraft:gold_ore":5,"minecraft:oak_leaves":129,"minecraft:deepslate":4387,"minecraft:infested_stone":2}},"DataVersion":3465}